DMU,v1,v2,v3
1,0.805955041820929,0,0.142658436281429
2,1.23628343528551,0,0
3,0.119834941989382,0,0.366966528458076
4,0.246133214472987,0,0.324974081479829
5,0.220142443323759,0,0.333495650251862
6,0.691877815034709,0.144343750703853,0.138198886385966
7,0.878879010484832,0.0228331076303202,0.119973045819599
8,0.569940562838334,0.578631639388058,0
9,1.23114101813795,0,0
10,1.22391312620124,0,0
11,1.21676960721903,0,0
12,1.20987142158682,0,0
13,1.06076554379851,0,0.0634594134060612
14,1.23556979308082,0,0
15,1.22747524081551,0,0
16,1.2194860574572,0,0
17,1.21160019888832,0,0
18,1.2039200951666,0,0
19,1.19700739445877,0,0
20,1.19017362361018,0,0
21,1.18341743845208,0,0
22,1.17704495540112,0,0
23,0.0561658832160284,0.689774595919689,0.150493987083095
24,0.985612490168283,0,0.098470729827744
25,1.1367843154673,0.0888318394333835,0
26,1.23154222447454,0,0
27,1.22430784552841,0,0
28,1.21715796323583,0,0
29,1.21009110582607,0,0
30,0.892464503984493,0,0.132242109183445
31,1.12547250630629,0.100987411695267,0
32,1.23393492479835,0,0
33,1.22610811352668,0,0
34,1.21837996687463,0,0
35,1.2107486308815,0,0
36,1.20335394253784,0,0
37,1.19629080762074,0,0
38,1.18935890859416,0,0
39,1.18261027433193,0,0
40,1.17593779386486,0,0
41,0,0.395482740455801,0.284237816736752
42,1.23973741546371,0,0
43,1.23139538688925,0,0
44,1.22316487275575,0,0
45,1.21504365185797,0,0
46,1.20705255343122,0,0
47,1.19922135378884,0,0
48,1.19171041160578,0,0
49,1.18440850807307,0,0
50,1.17719554073314,0,0
51,1.17006989457518,0,0
52,1.1632947066718,0,0
53,1.15669271301386,0,0
54,1.15016523246509,0,0
55,1.14371101062095,0,0
56,1.05494249099536,0,0.0798015691697529
57,0.947502158718707,0.0486539598338647,0.0990053546141745
58,0.577001850641696,0.380576958513386,0.0888960351494601
59,1.2345374950333,0,0
60,1.22726356184531,0,0
61,1.22007484305108,0,0
62,1.21296984993622,0,0
63,1.18941489418375,0,0.0219924254847924
64,1.22767157713341,0.00797003255944335,0
65,1.18987611682454,0.0336962769540762,0
66,1.22113167842404,0,0
67,1.21339588357105,0,0
68,1.20579844355535,0,0
69,1.19864072057695,0,0
70,1.19172503442271,0,0
71,1.1849076183813,0,0
72,1.17820518349015,0,0
73,0,0.750760438551145,0.139849155047511
74,1.24100951236875,0,0
75,1.23282187152805,0,0
76,1.22474155956232,0,0
77,1.21676647980963,0,0
78,1.20889458986558,0,0
79,1.20123166386082,0,0
80,1.19369081466855,0,0
81,1.18628065230792,0,0
82,1.17897879452268,0,0
83,1.17176627639629,0,0
84,1.16482737891303,0,0
85,1.15829530557518,0,0
86,1.15183608431019,0,0
87,1.1454485031005,0,0
88,0,0.598128157546163,0.205523101137494
89,1.23271254394795,0,0
90,1.22329656126951,0,0
91,1.21402333471961,0,0
92,1.20553851650134,0,0
93,1.19746256640906,0,0
94,1.18983768648138,0,0
95,1.18230929547504,0,0
96,1.17487557337942,0,0
97,1.1676121278958,0,0
98,1.16048621979557,0,0
99,1.15344676257154,0,0
100,1.14649219248788,0,0
101,1.1396389990959,0,0
102,1.13290826615186,0,0
103,1.12668991240231,0,0
104,1.12057744622543,0,0
105,1.11453094432172,0,0
106,1.05035970000741,0,0.0842101779321852
107,1.19827716909007,0.0364218311364098,0
108,1.19128160290713,0.0362091997546652,0
109,1.2254661391719,0,0
110,1.21868401016503,0,0
111,0.988273950932364,0,0.109309490992537
112,1.09198878565374,0.129535140208344,0
113,1.17895296240732,0.0472287488393086,0
114,1.22538884885912,0,0
115,1.21771633432657,0,0
116,1.21013930162647,0,0
117,1.20279021555934,0,0
118,1.19579518098981,0,0
119,1.18888103765063,0,0
120,1.18229575070565,0,0
121,1.10456875978767,0.121381182394221,0
122,1.23793151125681,0,0
123,1.22919546184085,0,0
124,1.22058184852863,0,0
125,1.21254778686492,0,0
126,1.1926155349372,0.0105752385030915,0
127,1.19724019769281,0,0
128,1.18982826018891,0,0
129,1.18259299081726,0,0
130,1.17544546963264,0,0
131,1.16838382777813,0,0
132,1.16165692437555,0,0
133,1.1551308465803,0,0
134,1.14867768491431,0,0
135,1.24598002044728,0,0
136,1.236556408745,0,0
137,1.22749821176791,0,0
138,1.21869538222284,0,0
139,1.21001791018441,0,0
140,1.20166359425816,0,0
141,1.19343022765597,0,0
142,1.18567311834653,0,0
143,1.17816502599101,0,0
144,1.17075740111768,0,0
145,1.16361948209758,0,0
146,1.15656807312139,0,0
147,1.14960161093757,0,0
148,1.14271856973332,0,0
149,1.13601139906295,0,0
150,1.12941376310388,0,0
151,1.1232439735253,0,0
152,1.11717588660752,0,0
153,0.251241758874922,0.241011717079418,0.286364870970491
154,0.481401652458682,0.645310526083707,0
155,0,0.905946662664759,0.0641925709748513
156,1.21863381012406,0,0
157,1.2096178129148,0,0
158,1.2007342446852,0,0
159,1.19198020898747,0,0
160,1.18353610190778,0,0
161,1.17535041491977,0,0
162,1.16746028625909,0,0
163,1.15996390847355,0,0
164,1.15277689850285,0,0
165,1.14567839998598,0,0
166,1.13866678783867,0,0
167,1.13183545252422,0,0
168,1.12516289363662,0,0
169,1.11858155489596,0,0
170,1.11208704527721,0,0
171,1.10566751486478,0,0
172,1.09936500677209,0,0
173,1.09337581589605,0,0
174,1.087618550422,0,0
175,0.686050514107394,0.370810771003265,0.0599824059868533
176,1.239728366217,0,0
177,1.23286681139496,0,0
178,1.22665211663739,0,0
179,1.15990801290016,0,0.03930336161979
180,1.24030564510928,0,0
181,1.23234851382851,0,0
182,1.22449282903708,0,0
183,1.21673666299202,0,0
184,1.20907813648565,0,0
185,1.20201693031831,0,0
186,1.19541698049475,0,0
187,1.18903589996641,0,0
188,1.0565875570203,0,0.0819344909743863
189,1.23576351337338,0,0
190,1.22735433725425,0,0
191,1.21905883384889,0,0
192,1.21087471374077,0,0
193,1.20317609009972,0,0
194,1.19564623060906,0,0
195,1.18821003347128,0,0
196,1.18090533059116,0,0
197,1.17368989249808,0,0
198,1.16679842130132,0,0
199,1.16045484375738,0,0
200,1.15417986997341,0,0
201,0,0.802034403173686,0.123577719010437
202,1.23396663536334,0,0
203,1.22507112277135,0,0
204,1.21630294553091,0,0
205,1.2076593889475,0,0
206,1.19933749712322,0,0
207,1.19113586605384,0,0
208,1.18328180217524,0,0
209,1.17556948983082,0,0
210,1.16824365321882,0,0
211,1.16114339299395,0,0
212,1.15412891820546,0,0
213,1.14719868349773,0,0
214,1.14035118041136,0,0
215,1.13358493628856,0,0
216,1.1275964379144,0,0
217,1.12167087907828,0,0
218,1.24267107503653,0,0
219,1.23329726110818,0,0
220,1.22406380698376,0,0
221,1.21506414063826,0,0
222,1.20643811958398,0,0
223,1.19793371140452,0,0
224,1.18954836228642,0,0
225,1.18127958942436,0,0
226,1.17312497857024,0,0
227,1.1652646004267,0,0
228,1.15752085807721,0,0
229,1.149879358045,0,0
230,1.14233808871855,0,0
231,1.13528240887855,0,0
232,1.12869373989537,0,0
233,1.12218110499312,0,0
234,1.11574319555808,0,0
235,1.10937873283511,0,0
236,1.10308646708086,0,0
237,1.09697683448984,0,0
238,1.09115543696255,0,0
239,0,0.427124124091285,0.306978828879822
240,0,1.04488962160271,0
241,0.916383990819081,0.257023752950433,0
242,0.957655020153192,0.213225020008346,0
243,1.19766095765228,0,0
244,1.18895151410725,0,0
245,1.18036782697467,0,0
246,1.17197252440546,0,0
247,1.16394546785442,0,0
248,1.15602762089619,0,0
249,1.1482167698643,0,0
250,1.14051076051845,0,0
251,1.13307422765752,0,0
252,1.12575107231717,0,0
253,1.11852196946227,0,0
254,1.1115065459105,0,0
255,1.10491640742996,0,0
256,1.09855657648168,0,0
257,1.09228582498554,0,0
258,1.08618469861585,0,0
259,1.08015207473768,0,0
260,1.07418609062085,0,0
261,1.06828564812023,0,0
262,1.06265921481447,0,0
263,0.727785161451539,0.30163014388292,0.0825286368361243
264,1.20020874878953,0,0.0194963887936343
265,0.38197427522596,0.743360386360848,0
266,1.24078053051875,0,0
267,1.23276273138215,0,0
268,1.22484788738485,0,0
269,1.21707285458961,0,0
270,1.20940975210577,0,0
271,1.20253319630468,0,0
272,1.19636951547403,0,0
273,1.07816954009927,0.143994767098633,0
274,0.635594498820712,0.514918055890151,0
275,1.22768082797612,0,0
276,1.21928590451052,0,0
277,1.21100501085241,0,0
278,1.20328064540905,0,0
279,1.19573869072495,0,0
280,1.18829069048215,0,0
281,1.18093489988235,0,0
282,1.17367964707453,0,0
283,1.16687688683081,0,0
284,1.16079608556344,0,0
285,1.24233488435048,0,0
286,1.23343926201081,0,0
287,1.22467012651172,0,0
288,1.05250603046749,0.140567281016959,0
289,1.20750067622553,0,0
290,1.19909522669368,0,0
291,1.19104069826229,0,0
292,1.1831377773205,0,0
293,1.17533904169387,0,0
294,1.16798096827571,0,0
295,1.16087372057749,0,0
296,1.15385244594777,0,0
297,1.1469155938006,0,0
298,1.14008287333661,0,0
299,1.13335624979671,0,0
300,1.12753769094234,0,0
301,0.79838808393137,0.12916599944894,0.131456762355771
302,1.23933669116692,0,0
303,1.06351760141285,0.142037929680912,0
304,1.22175648977957,0,0
305,1.21315210548277,0,0
306,1.20466806868836,0,0
307,1.19630187202302,0,0
308,1.18805107728594,0,0
309,1.1799133130799,0,0
310,1.17188627253885,0,0
311,1.16407448484899,0,0
312,1.15652423674723,0,0
313,1.14907130008795,0,0
314,1.14173652655975,0,0
315,1.13476065798416,0,0
316,1.12809650769735,0,0
317,1.12151017401086,0,0
318,1.11500030185149,0,0
319,1.10856556742691,0,0
320,1.10220467732817,0,0
321,1.09633358503782,0,0
322,0,0.714859321659289,0.175332399295853
323,1.18889771204221,0.0373999898110335,0
324,0.968460811110287,0.215630964680015,0
325,1.21182109949803,0,0
326,1.20290525869779,0,0
327,1.19442496135974,0,0
328,1.18608849079033,0,0
329,1.17786758219308,0,0
330,1.16975984919037,0,0
331,1.16176297066093,0,0
332,1.15387468852446,0,0
333,1.14609280561582,0,0
334,1.1384151836447,0,0
335,1.13118572141269,0,0
336,1.12413553323927,0,0
337,1.11717268223886,0,0
338,1.11029555551271,0,0
339,1.10363657148374,0,0
340,1.09729779308313,0,0
341,1.09103141288779,0,0
342,1.08483619759922,0,0
343,1.07874396042439,0,0
344,1.0727197668583,0,0
345,1.06696010203393,0,0
346,1.22084023108063,0,0
347,1.19709521978635,0,0
348,1.18707057341535,0,0
349,1.17739778278078,0,0
350,1.16897951981414,0,0
351,1.1606807815438,0,0
352,1.15275972825462,0,0
353,1.14499282634357,0,0
354,1.13732988545111,0,0
355,1.12976883215562,0,0
356,1.12230764780834,0,0
357,1.11494436673667,0,0
358,1.10767707451759,0,0
359,1.10065580997978,0,0
360,1.09374442794445,0,0
361,1.08705218379683,0,0
362,1.08053981055021,0,0
363,1.07417424231408,0,0
364,1.06816846167592,0,0
365,1.06222946509284,0,0
366,1.05635614476989,0,0
367,1.05054741727842,0,0
368,1.04480222288986,0,0
369,1.03911952493118,0,0
370,1.24350115210382,0,0
371,0.966569014767045,0.03091533420613,0.121148083821895
372,1.24171559444665,0,0
373,1.23408525732078,0,0
374,1.22090777758906,0.00493797037646084,0
375,1.21910249783692,0,0
376,1.20620483926777,0.00487850423560141,0
377,1.0652006136206,0.123080613477817,0
378,1.24689849270234,0,0
379,1.23764603211842,0,0
380,1.22862836789048,0,0
381,1.21992726380233,0,0
382,1.21151044237947,0,0
383,1.20377964840621,0,0
384,1.19625542146695,0,0
385,1.18885142685948,0,0
386,1.18157369020399,0,0
387,1.17466253958002,0,0
388,1.16796496354275,0,0
389,1.24436643574785,0,0
390,1.23515137580247,0,0
391,0.944122532434124,0.242168980195815,0
392,1.21712472864569,0,0
393,1.20849786696098,0,0
394,1.20007857714497,0,0
395,1.19177578571278,0,0
396,1.18362021022334,0,0
397,1.17581513429759,0,0
398,1.16845111730162,0,0
399,1.16133816409363,0,0
400,1.15431128718655,0,0
401,1.14741302824386,0,0
402,1.14059957042169,0,0
403,1.13386655297765,0,0
404,0.746057822690394,0.326131245488538,0.0518784864561708
405,1.23266675594478,0,0
406,1.22362353389851,0,0
407,1.21471203321461,0,0
408,1.20592939676939,0,0
409,1.1972806444089,0,0
410,1.18901638975862,0,0
411,1.18086544138997,0,0
412,1.17282548495568,0,0
413,1.16489426871146,0,0
414,1.15706960141344,0,0
415,1.14952634591189,0,0
416,1.14216304164924,0,0
417,1.13513710781935,0,0
418,1.1284228056661,0,0
419,1.1217874662448,0,0
420,1.11522970475099,0,0
421,1.10876607087122,0,0
422,1.10240258998464,0,0
423,0.707137056121068,0.153834370286144,0.164632074693498
424,1.24026766393637,0,0
425,1.23080385558099,0,0
426,1.22148337988639,0,0
427,1.21230888418879,0,0
428,1.20356083883344,0,0
429,1.19493814111043,0,0
430,1.18643811609131,0,0
431,1.17815627960946,0,0
432,1.17015304665728,0,0
433,1.16225781222807,0,0
434,1.15446840491596,0,0
435,1.14678271113825,0,0
436,1.1391986732234,0,0
437,1.13171428757443,0,0
438,1.12438737557728,0,0
439,1.11734161874191,0,0
440,1.11038361378152,0,0
441,1.10367008690922,0,0
442,1.09732183723196,0,0
443,1.09104619946143,0,0
444,1.08484193486875,0,0
445,1.07870783274197,0,0
446,1.07264270959846,0,0
447,1.22675152515884,0,0
448,1.20295553219354,0,0
449,1.19308494781873,0,0
450,1.18432495169646,0,0
451,1.17579772209966,0,0
452,1.16756688374352,0,0
453,1.15963326275945,0,0
454,1.15187887763226,0,0
455,1.14422750967989,0,0
456,1.13667711957051,0,0
457,1.12922572144702,0,0
458,1.12187138118572,0,0
459,1.11461221472255,0,0
460,1.10744638644397,0,0
461,1.10037210763944,0,0
462,1.09357608484401,0,0
463,1.08691003865941,0,0
464,1.08032476773415,0,0
465,1.07390059711625,0,0
466,1.06788926104496,0,0
467,1.06194484924823,0,0
468,1.05606625030969,0,0
469,1.05028839934801,0,0
470,1.04457699009332,0,0
471,1.20669765466244,0,0
472,1.1689537162867,0,0
473,1.15942856225507,0,0
474,1.15005738393164,0,0
475,1.14178693639989,0,0
476,1.13416670390514,0,0
477,1.1267480756966,0,0
478,1.11942586786584,0,0
479,1.11219821277718,0,0
480,1.1050632907196,0,0
481,1.09801932837934,0,0
482,1.09106459737052,0,0
483,1.08419741282127,0,0
484,1.07741613201288,0,0
485,1.07080046780035,0,0
486,1.06440838263683,0,0
487,1.05809215903143,0,0
488,1.05188902512075,0,0
489,1.04580090966508,0,0
490,1.04010737236426,0,0
491,1.03450585886897,0,0
492,1.02896435625025,0,0
493,1.0234819052717,0,0
494,1.01805756703228,0,0
495,1.24565908485518,0,0
496,0.952680189670957,0.248717033107699,0
497,1.23037954338028,0,0
498,1.0358382807589,0.165009792775153,0
499,1.21605775364433,0,0
500,0.724835407456705,0.44589504381577,0
501,1.23210910143364,0,0
502,0.71529682153527,0.440027217625719,0
503,1.21438162507553,0,0
504,1.20645704441735,0,0
505,1.19924494368351,0,0
506,1.19211855724372,0,0
507,1.18507636608016,0,0
508,0.997759679355543,0.158943843829796,0
509,0.978853203920889,0.137123027922141,0.0538220937554481
510,1.20611003276962,0.0274621644324538,0
511,0.816406838652741,0.354819997528245,0
512,1.21982663016209,0,0
513,1.21097014829919,0,0
514,1.20224134341047,0,0
515,1.19367739010769,0,0
516,1.18529580265846,0,0
517,1.17703109967078,0,0
518,1.16964716908473,0,0
519,1.16286721077507,0,0
520,1.15616759748334,0,0
521,1.14954962518547,0,0
522,1.14300698501843,0,0
523,0.959712319758138,0.180322780597812,0.0359395409545703
524,1.23543818024697,0,0
525,1.22635439827852,0,0
526,1.21740322159523,0,0
527,1.20858176757431,0,0
528,1.19988723654327,0,0
529,1.19131690881749,0,0
530,1.18286814186389,0,0
531,1.1745383675844,0,0
532,1.16632508971345,0,0
533,1.15822588132386,0,0
534,1.15025277156121,0,0
535,1.14262291966811,0,0
536,1.1355811822161,0,0
537,1.1288922617681,0,0
538,1.12235981877193,0,0
539,1.11612217921125,0,0
540,1.10995348920739,0,0
541,1.11149889888127,0.112144586616087,0
542,1.10312622406778,0.111299826304755,0
543,1.22430661394919,0,0
544,1.2150839128271,0,0
545,1.20620278944949,0,0
546,1.1975423308052,0,0
547,1.18900534868232,0,0
548,1.18058922107204,0,0
549,1.17229139968118,0,0
550,1.16410940735965,0,0
551,1.15604083563498,0,0
552,1.14808334234863,0,0
553,1.14023464938928,0,0
554,1.13259018763754,0,0
555,1.12519210193783,0,0
556,1.11789003770308,0,0
557,1.1108085282075,0,0
558,1.10408987771884,0,0
559,1.09773681179509,0,0
560,1.09146251201462,0,0
561,1.08529554768355,0,0
562,1.07919788077912,0,0
563,0.603336814542931,0.535348047829031,0
564,1.0987430794569,0.0977533522799785,0
565,1.20470917373989,0,0
566,1.19577828767282,0,0
567,1.18697884210214,0,0
568,1.17831906455956,0,0
569,1.17005301255239,0,0
570,1.16190212736272,0,0
571,1.15386401879771,0,0
572,1.14593636235208,0,0
573,1.13811689696696,0,0
574,1.1304034228799,0,0
575,1.12279379956166,0,0
576,1.11546183227657,0,0
577,1.1082851106424,0,0
578,1.10120014665049,0,0
579,1.09420519173434,0,0
580,1.08731717425484,0,0
581,1.08072698393021,0,0
582,1.07429804308353,0,0
583,1.0682822691126,0,0
584,1.06233349333404,0,0
585,1.05645060269896,0,0
586,1.05065662098849,0,0
587,1.21279596769597,0,0
588,1.17707653536602,0,0
589,1.16854919942694,0,0
590,1.16014452749054,0,0
591,1.15185989171201,0,0
592,1.14379739731221,0,0
593,1.13600699654428,0,0
594,1.12832199867177,0,0
595,1.12074027894162,0,0
596,1.11325976932836,0,0
597,1.1058984077671,0,0
598,1.0988438288781,0,0
599,1.09187868248786,0,0
600,1.08500127867401,0,0
601,1.07820996982483,0,0
602,1.07150314932336,0,0
603,1.06487925028028,0,0
604,1.05847798775228,0,0
605,1.05223174376395,0,0
606,1.04607172167816,0,0
607,1.04036707479573,0,0
608,1.03472430988181,0,0
609,1.02914242545804,0,0
610,1.02362044154028,0,0
611,0.903274000970203,0.0609944633298491,0.104794043075786
612,1.1425325703392,0,0
613,1.13449668945762,0,0
614,1.12657305810188,0,0
615,1.1187593406416,0,0
616,1.11124094359748,0,0
617,1.10388628929987,0,0
618,1.09662834723667,0,0
619,1.08956204554197,0,0
620,1.08271370279755,0,0
621,1.07595091159269,0,0
622,1.06927207877541,0,0
623,1.06267565050694,0,0
624,1.05616011105641,0,0
625,1.0497239816398,0,0
626,1.04336581930098,0,0
627,1.03712659558359,0,0
628,1.03112909187094,0,0
629,1.02520055416302,0,0
630,1.01933979968788,0,0
631,1.01387362811056,0,0
632,1.00851385505474,0,0
633,1.00321045214372,0,0
634,0.997962534740012,0,0
635,1.04948910512578,0,0.106713944633517
636,1.06279349725341,0.158049471659017,0
637,1.23637088374496,0,0
638,1.22984335571991,0,0
639,0.896146295534184,0.302506824418099,0
640,1.15663036868852,0.0697045391654982,0
641,1.22772308591497,0,0
642,1.14004011157192,0.0687047243082649,0
643,1.21018725001024,0,0
644,1.20293061673219,0,0
645,1.19590783974008,0,0
646,1.18979952116028,0,0
647,1.16124852270297,0.0699828530556485,0
648,1.23300465905275,0,0
649,1.22406375728828,0,0
650,1.21525158858084,0,0
651,1.20656539251297,0,0
652,1.19800248702911,0,0
653,1.18956026567457,0,0
654,1.18123619495039,0,0
655,1.17315289389779,0,0
656,1.16633235072098,0,0
657,1.15959065645342,0,0
658,1.15292645165344,0,0
659,1.09924221869986,0,0.0749608410628763
660,1.23833187039002,0,0
661,1.11883128836064,0.0952907464370974,0
662,1.2204261776907,0,0
663,1.21166611841689,0,0
664,1.20303092002448,0,0
665,1.19451793186039,0,0
666,1.18612457777146,0,0
667,1.17784835350529,0,0
668,1.16968682421922,0,0
669,1.16163762209205,0,0
670,1.15369844403383,0,0
671,1.14586704948882,0,0
672,1.13831789598429,0,0
673,1.13189528174789,0,0
674,1.12554473620001,0,0
675,1.11926505307532,0,0
676,0.631566638006003,0.358758192094858,0.0953472076102978
677,1.2367059587904,0,0
678,1.22721669603771,0,0
679,1.21787760817189,0,0
680,1.20885636433614,0,0
681,1.20015789617868,0,0
682,1.19158371539828,0,0
683,1.18313117708516,0,0
684,1.17479771084792,0,0
685,1.16658081820759,0,0
686,1.15847807010015,0,0
687,1.15048710448253,0,0
688,1.14267877764328,0,0
689,1.13499577517404,0,0
690,1.12741539872726,0,0
691,1.11993560569804,0,0
692,1.11255440733054,0,0
693,1.10549198622118,0,0
694,1.09943346580841,0,0
695,1.09344098948338,0,0
696,1.08751348317784,0,0
697,1.23874752715025,0,0
698,1.11023136313117,0.0987754458540954,0
699,1.21678531607779,0,0
700,0,1.01984957502241,0
701,1.19854869382283,0,0
702,1.18964465314211,0,0
703,1.18093491918272,0,0
704,1.17254975150383,0,0
705,1.16436416504934,0,0
706,1.15629207367448,0,0
707,1.14833113317679,0,0
708,1.14047906347065,0,0
709,1.13273364641007,0,0
710,1.12509272369961,0,0
711,1.11755419488928,0,0
712,1.11011601544948,0,0
713,1.10277619492241,0,0
714,1.09553279514619,0,0
715,1.0883839285486,0,0
716,1.0813277565072,0,0
717,1.07469578334579,0,0
718,1.06879765223825,0,0
719,1.06313966142012,0,0
720,1.05754125958606,0,0
721,1.03711842257262,0.156431722369409,0
722,1.18859700326491,0,0
723,1.17982904491654,0,0
724,1.17118949702957,0,0
725,1.16269103844255,0,0
726,1.15437012371385,0,0
727,1.14618322718176,0,0
728,1.13836040389627,0,0
729,1.13064363995792,0,0
730,1.12303079301112,0,0
731,1.11551977801398,0,0
732,1.10810856533442,0,0
733,1.10079517892173,0,0
734,1.09357769454995,0,0
735,1.08645423812998,0,0
736,1.07942298408723,0,0
737,1.07248215380185,0,0
738,1.06565471463466,0,0
739,1.05910270577,0,0
740,1.05263077254602,0,0
741,1.04644883223129,0,0
742,1.04074008276173,0,0
743,1.03510654416353,0,0
744,1.02955836321841,0,0
745,1.19991552594697,0,0
746,1.153308343351,0,0
747,1.1450514778711,0,0
748,1.1369317330965,0,0
749,1.12897417052252,0,0
750,1.12112722615827,0,0
751,1.11349275466158,0,0
752,1.10610836235709,0,0
753,1.09882126751264,0,0
754,1.09162955971316,0,0
755,1.0845313782325,0,0
756,1.07752491042838,0,0
757,1.07060839019917,0,0
758,1.06378009649973,0,0
759,1.05703835191365,0,0
760,1.05047752257062,0,0
761,1.04411025626807,0,0
762,1.03781971283079,0,0
763,1.0316045138463,0,0
764,1.0255627640516,0,0
765,1.01969787940665,0,0
766,1.01422787708074,0,0
767,1.00886436785192,0,0
768,1.00355728756441,0,0
769,1.18195485878003,0,0
770,1.12005466032421,0,0
771,1.11228907821108,0,0
772,1.10467157719484,0,0
773,1.09715770325395,0,0
774,1.08974535608909,0,0
775,1.08261531265326,0,0
776,1.07563350025506,0,0
777,1.068741162587,0,0
778,1.06193659061813,0,0
779,1.05521811856709,0,0
780,1.04858412254256,0,0
781,1.04203301923472,0,0
782,1.03572657099323,0,0
783,1.02953634238837,0,0
784,1.02341966846695,0,0
785,1.01737524596424,0,0
786,1.01140180222361,0,0
787,1.00550606155494,0,0
788,0.999867699676234,0,0
789,0.994292219269135,0,0
790,0.989032880194114,0,0
791,0.983931866826138,0,0
792,0.978883201210409,0,0
793,1.24394509723919,0,0
794,1.24344373151633,0,0
795,1.05542080123932,0.156186673652796,0
796,1.22537160356335,0,0
797,0.940580052688469,0.242115331927818,0
798,0.935089178921728,0.240701922488713,0
799,1.20299297859703,0,0
800,0.154013633775588,0.935873347995361,0
801,1.23867269121311,0,0
802,1.22952299524804,0,0
803,1.22050748013612,0,0
804,1.21162321570725,0,0
805,1.20286735649143,0,0
806,1.19423713868029,0,0
807,1.18572987721847,0,0
808,1.1773429630184,0,0
809,1.17050349910316,0,0
810,1.16465130381069,0,0
811,1.24485555482534,0,0
812,1.23530114457222,0,0
813,1.22589227964771,0,0
814,1.21682557314235,0,0
815,1.20798752991074,0,0
816,1.1992769458076,0,0
817,1.19069108331706,0,0
818,1.18222728275971,0,0
819,1.17388295954568,0,0
820,1.16573325488353,0,0
821,1.15773818782533,0,0
822,1.14985204051639,0,0
823,1.14207260223455,0,0
824,1.13517803743179,0,0
825,1.12879070632656,0,0
826,1.24176692648369,0,0
827,1.23225968752851,0,0
828,1.22289692145552,0,0
829,1.21367535996253,0,0
830,1.20459183259134,0,0
831,1.19574271921356,0,0
832,1.18720720654085,0,0
833,1.17879268746357,0,0
834,1.17049660740389,0,0
835,1.16243363202224,0,0
836,1.1544836068557,0,0
837,1.14664158541899,0,0
838,1.13890538166145,0,0
839,1.13127286813278,0,0
840,1.12374197403249,0,0
841,1.11631068333681,0,0
842,1.10897703299938,0,0
843,1.10253037054361,0,0
844,1.09650417975359,0,0
845,0.831769231449467,0.124351516209292,0.13732959793422
846,0.565902335344227,0.467952603069212,0.0621550008987024
847,1.22923317055216,0,0
848,1.21991616536432,0,0
849,1.0413391670792,0.14531083672302,0
850,1.20169953876313,0,0
851,1.19279373087871,0,0
852,1.18401895399344,0,0
853,1.17537799066475,0,0
854,1.16716731798655,0,0
855,1.15915263568759,0,0
856,1.15124727285121,0,0
857,1.14344900796825,0,0
858,1.13575567931635,0,0
859,1.12816518296218,0,0
860,1.12067547084315,0,0
861,1.11328454892503,0,0
862,1.10599047543206,0,0
863,1.09879135914611,0,0
864,1.09168535777192,0,0
865,1.08467067636526,0,0
866,1.07774556582141,0,0
867,1.07170809617641,0,0
868,1.06601326120497,0,0
869,1.05441233775544,0.147100507052128,0
870,1.2003589587462,0,0
871,1.19141726500199,0,0
872,1.18260780286924,0,0
873,1.17392766067466,0,0
874,1.16537401160684,0,0
875,1.15694411064695,0,0
876,1.14865291729125,0,0
877,1.14072358235686,0,0
878,1.13297485498573,0,0
879,1.12533068873525,0,0
880,1.1177889813717,0,0
881,1.11034768664095,0,0
882,1.10301996070315,0,0
883,1.09585933866324,0,0
884,1.08879108809658,0,0
885,1.08181343308046,0,0
886,1.07492464292716,0,0
887,1.06812303075286,0,0
888,1.06140695210047,0,0
889,1.05477480361413,0,0
890,1.0482250217631,0,0
891,1.04256228606142,0,0
892,1.03717220983916,0,0
893,1.20581589120646,0,0
894,1.16437900459812,0,0
895,1.15596344057047,0,0
896,1.14766865083663,0,0
897,1.13949205401728,0,0
898,1.13143114177713,0,0
899,1.12350515632692,0,0
900,1.11575371036546,0,0
901,1.10833939932292,0,0
902,1.10102297569738,0,0
903,1.09380251366423,0,0
904,1.08667613758765,0,0
905,1.07964202039619,0,0
906,1.07269838202113,0,0
907,1.0658434878946,0,0
908,1.05907564750508,0,0
909,1.05239321300738,0,0
910,1.0457945778851,0,0
911,1.03927817566303,0,0
912,1.0328424786673,0,0
913,1.02648599683148,0,0
914,1.02027855734783,0,0
915,1.0149597838139,0,0
916,1.00985566938533,0,0
917,1.00519068699386,0.0648061588601986,0.0557199779672646
918,1.13049322881326,0,0
919,1.12255868825036,0,0
920,1.11473475098726,0,0
921,1.10701912040354,0,0
922,1.09943493756073,0,0
923,1.09199189305219,0,0
924,1.08475249284827,0,0
925,1.07774317702322,0,0
926,1.07082386344582,0,0
927,1.06399282968043,0,0
928,1.05724839696408,0,0
929,1.05058892883105,0,0
930,1.04401282978902,0,0
931,1.03751854404476,0,0
932,1.031104554277,0,0
933,1.02476938045453,0,0
934,1.01851157869769,0,0
935,1.01232974018121,0,0
936,1.00622249007684,0,0
937,1.00034626708161,0,0
938,0.994632914531194,0,0
939,0.989369980141551,0,0
940,0.984284543865932,0,0
941,0.930625949339159,0.212486283950748,0
942,1.09852396734033,0,0
943,1.09103035651091,0,0
944,1.08363828873898,0,0
945,1.07637445714207,0,0
946,1.06923935839529,0,0
947,1.06219823137925,0,0
948,1.05542744076831,0,0
949,1.04879082080558,0,0
950,1.04223714259026,0,0
951,1.03576486092022,0,0
952,1.02937246873919,0,0
953,1.0230584959669,0,0
954,1.01682150837192,0,0
955,1.01066010648557,0,0
956,1.00457292455505,0,0
957,0.998558629534146,0,0
958,0.992648067894083,0,0
959,0.986960651466188,0,0
960,0.981338036312277,0,0
961,0.975779121206981,0,0
962,0.970446072909794,0,0
963,0.965380260162076,0,0
964,0.960519710320703,0,0
965,1.09666906054876,0.128817372972237,0
966,1.23512304934674,0,0
967,1.22723775260206,0,0
968,1.21946241306713,0,0
969,1.06478620535693,0.157572614989966,0
970,1.23731248635934,0,0
971,1.22818280013985,0,0
972,1.2191868564594,0,0
973,1.03534041224787,0.153215072980775,0
974,1.05990297917584,0.124498741046436,0
975,1.19392758549239,0,0
976,1.18637637408096,0,0
977,1.17910864798236,0,0
978,1.24237273550692,0,0
979,1.23299658642087,0,0
980,1.22376090028673,0,0
981,1.21466910765028,0,0
982,1.20580102557535,0,0
983,1.19712881176191,0,0
984,1.18858044965633,0,0
985,1.1801533048986,0,0
986,1.17184481731414,0,0
987,1.16365249832067,0,0
988,1.15564279522204,0,0
989,1.14815905101566,0,0
990,1.14134006379106,0,0
991,0.793533483444826,0.293471266981613,0.0590695572696276
992,1.23918512458627,0,0
993,1.22971454523184,0,0
994,1.22038762737358,0,0
995,1.21120112676417,0,0
996,1.20215189611112,0,0
997,1.19323688148172,0,0
998,1.18445311886678,0,0
999,1.17585474987945,0,0
1000,1.16760646572951,0,0
1001,1.15947309420029,0,0
1002,1.15145225051155,0,0
1003,1.14354161541815,0,0
1004,1.13573893297419,0,0
1005,1.12804200838812,0,0
1006,1.12044870596449,0,0
1007,1.11295694712822,0,0
1008,1.10602278461587,0,0
1009,0.760961580189295,0.31276614790954,0.0607678773678939
1010,1.17385626636495,0.0533043032445036,0
1011,1.2267049010682,0,0
1012,1.21741725931016,0,0
1013,1.20827497779795,0,0
1014,1.19926898206472,0,0
1015,1.19039624719881,0,0
1016,1.18165383714975,0,0
1017,1.17303940825892,0,0
1018,1.16455183556928,0,0
1019,1.15618620489422,0,0
1020,1.14812327769029,0,0
1021,1.14025182948667,0,0
1022,1.13248757847943,0,0
1023,1.12482834968352,0,0
1024,1.11727202655795,0,0
1025,1.10981654905587,0,0
1026,1.10245991175212,0,0
1027,1.09530180761643,0,0
1028,1.08824072415694,0,0
1029,1.08127009893045,0,0
1030,1.07465056666543,0,0
1031,1.19092614293403,0.0363731137251698,0
1032,0.673389368696688,0.459715357230019,0
1033,1.20537554397772,0,0
1034,1.19640122511485,0,0
1035,1.18757071721657,0,0
1036,1.17886960828382,0,0
1037,1.17029647587545,0,0
1038,1.16184840703571,0,0
1039,1.15352143291058,0,0
1040,1.1453129683682,0,0
1041,1.13722050134002,0,0
1042,1.12933552485658,0,0
1043,1.12171872922373,0,0
1044,1.11420398813559,0,0
1045,1.10678926415659,0,0
1046,1.0995035420072,0,0
1047,1.0923883559466,0,0
1048,1.08536466639043,0,0
1049,1.07843071973853,0,0
1050,1.07158480691841,0,0
1051,1.06482526198078,0,0
1052,1.05815046074805,0,0
1053,1.05155881951321,0,0
1054,1.04534668004778,0,0
1055,0.939785653695061,0.23626639738434,0
1056,1.17609846905187,0,0
1057,1.16756634123149,0,0
1058,1.15915750108577,0,0
1059,1.15086891618645,0,0
1060,1.14269802518401,0,0
1061,1.13464233895601,0,0
1062,1.12669943807897,0,0
1063,1.11886697040576,0,0
1064,1.11115275328932,0,0
1065,1.1037784495896,0,0
1066,1.0965677245854,0,0
1067,1.08949036244959,0,0
1068,1.08250377053584,0,0
1069,1.07560621372015,0,0
1070,1.06879600082231,0,0
1071,1.06207148322356,0,0
1072,1.05543105353604,0,0
1073,1.04887314432182,0,0
1074,1.04239622685943,0,0
1075,1.03599880995584,0,0
1076,1.02967943880181,0,0
1077,1.02343669386904,0,0
1078,1.01759850574843,0,0
1079,1.19549156222055,0,0
1080,1.14112819624227,0,0
1081,1.13304420093767,0,0
1082,1.12507393742353,0,0
1083,1.11721502236721,0,0
1084,1.10946513856677,0,0
1085,1.10182203267307,0,0
1086,1.09428351300544,0,0
1087,1.08689812770616,0,0
1088,1.07986114561681,0,0
1089,1.07291469744758,0,0
1090,1.06605704722648,0,0
1091,1.05933191099748,0,0
1092,1.05272558804452,0,0
1093,1.04620115258104,0,0
1094,1.03975709145255,0,0
1095,1.03339192855737,0,0
1096,1.02710422371933,0,0
1097,1.0208925716015,0,0
1098,1.01475560065897,0,0
1099,1.00869197212928,0,0
1100,1.00270037905874,0,0
1101,0.996779545363346,0,0
1102,0.991285360559177,0,0
1103,1.16164386947069,0.0153525945780226,0
1104,1.10856327551922,0,0
1105,1.10093254771352,0,0
1106,1.09340615303749,0,0
1107,1.08598196623701,0,0
1108,1.07865791939027,0,0
1109,1.07143199998739,0,0
1110,1.06433251450685,0,0
1111,1.05745852550759,0,0
1112,1.05079641830787,0,0
1113,1.04421772960597,0,0
1114,1.03772090238303,0,0
1115,1.0313044181299,0,0
1116,1.02496679566393,0,0
1117,1.01870658998901,0,0
1118,1.01252239119723,0,0
1119,1.00641282341027,0,0
1120,1.00037654375886,0,0
1121,0.994412241398792,0,0
1122,0.988542970540271,0,0
1123,0.982787672497903,0,0
1124,0.977099001254761,0,0
1125,0.971475806501206,0,0
1126,0.966298729178118,0,0
1127,1.16443851357095,0,0
1128,1.07780542692835,0,0
1129,1.07059088649363,0,0
1130,1.06347228824476,0,0
1131,1.05644773099998,0,0
1132,1.04951536347942,0,0
1133,1.0427065802829,0,0
1134,1.03600946912655,0,0
1135,1.02957166161463,0,0
1136,1.02325525248156,0,0
1137,1.01701587295326,0,0
1138,1.0108521224874,0,0
1139,1.00476263428973,0,0
1140,0.998746074303712,0,0
1141,0.992801140236134,0,0
1142,0.986926560617384,0,0
1143,0.981121093894866,0,0
1144,0.975383527558226,0,0
1145,0.969712677295111,0,0
1146,0.964107386176187,0,0
1147,0.958566523868267,0,0
1148,0.953088985874422,0,0
1149,0.947766490460992,0,0
1150,0.942832517081975,0,0
1151,0.964035758658841,0.248153080676991,0
1152,1.23745811716172,0,0
1153,1.24520130546905,0,0
1154,1.05812240203285,0.1565864706257,0
1155,1.05069850896189,0.15548784421721,0
1156,1.07564129768315,0.126347401611444,0
1157,1.21113739114259,0,0
1158,0.929999489289862,0.240379620313526,0
1159,1.19592483879105,0,0
1160,1.2409778941192,0,0
1161,0.932668176166652,0.258632494898262,0
1162,1.22242535827104,0,0
1163,1.21336108155309,0,0
1164,1.2045120189532,0,0
1165,1.195858269966,0,0
1166,1.18747339502256,0,0
1167,1.1795639328397,0,0
1168,1.17175913936886,0,0
1169,1.1641151314682,0,0
1170,1.15708901908702,0,0
1171,0.836237339461236,0.350312799451802,0
1172,1.23683568428774,0,0
1173,1.22754261229439,0,0
1174,1.21838814746606,0,0
1175,1.20936921174642,0,0
1176,1.20048281754886,0,0
1177,1.19172606445692,0,0
1178,1.18310858965005,0,0
1179,1.17462894107446,0,0
1180,1.16639778516344,0,0
1181,1.1582811853657,0,0
1182,1.15027676672661,0,0
1183,1.14238221949043,0,0
1184,1.13486089929517,0,0
1185,1.12763465518542,0,0
1186,1.1206989265907,0,0
1187,0.82545208536835,0.354659718915046,0
1188,1.17197847536103,0.0530684616663997,0
1189,1.22439770109863,0,0
1190,1.21498271961259,0,0
1191,1.20586944059883,0,0
1192,1.19689940869409,0,0
1193,1.18806184115883,0,0
1194,1.17935382526124,0,0
1195,1.17087875498556,0,0
1196,1.16254706335823,0,0
1197,1.15433310658574,0,0
1198,1.14624209713834,0,0
1199,1.13835394425281,0,0
1200,1.13062165555292,0,0
1201,1.12299370156505,0,0
1202,1.11546798469908,0,0
1203,1.10804246321839,0,0
1204,1.10071514939311,0,0
1205,1.09348410772617,0,0
1206,1.08671273096205,0,0
1207,1.09351896172666,0.127201240900513,0
1208,1.23172683955022,0,0
1209,1.22209607038321,0,0
1210,1.21261473714682,0,0
1211,1.20327938853093,0,0
1212,1.19408667869349,0,0
1213,1.18522740119048,0,0
1214,1.17654613962725,0,0
1215,1.16800550976392,0,0
1216,1.15958798035255,0,0
1217,1.15129090897205,0,0
1218,1.14311172829217,0,0
1219,1.1350479434249,0,0
1220,1.12709712938725,0,0
1221,1.11925692866996,0,0
1222,1.11162696470377,0,0
1223,1.1042523244485,0,0
1224,1.09697488748347,0,0
1225,1.08979274457286,0,0
1226,1.08270403615637,0,0
1227,1.07570695074414,0,0
1228,1.06879972337334,0,0
1229,1.06198063412398,0,0
1230,1.0552480066911,0,0
1231,1.22205839850469,0,0
1232,1.19189749325266,0,0
1233,1.1828772179009,0,0
1234,1.1739924478594,0,0
1235,1.16530432793924,0,0
1236,1.15690409741405,0,0
1237,1.14864500092466,0,0
1238,1.14050299133808,0,0
1239,1.13247559631668,0,0
1240,1.12456041264223,0,0
1241,1.11675510381717,0,0
1242,1.10905749843078,0,0
1243,1.10146756693395,0,0
1244,1.09398081403868,0,0
1245,1.08676427757346,0,0
1246,1.07970910792015,0,0
1247,1.07274495039678,0,0
1248,1.06587005519642,0,0
1249,1.0590827170824,0,0
1250,1.05238127397821,0,0
1251,1.04576410561061,0,0
1252,1.03925517142566,0,0
1253,1.03289613354202,0,0
1254,1.02661444227904,0,0
1255,1.20237685857402,0,0
1256,1.15456332073374,0,0
1257,1.14609727795683,0,0
1258,1.13790909337963,0,0
1259,1.12991804305639,0,0
1260,1.1220384455253,0,0
1261,1.11426798525207,0,0
1262,1.10660531239267,0,0
1263,1.09904879294577,0,0
1264,1.09159477384401,0,0
1265,1.08424118358918,0,0
1266,1.07698600612862,0,0
1267,1.0699162729222,0,0
1268,1.06307747061515,0,0
1269,1.05632553897734,0,0
1270,1.04965883322834,0,0
1271,1.04307574984962,0,0
1272,1.03663189707034,0,0
1273,1.03030482374873,0,0
1274,1.02405451635551,0,0
1275,1.01787958622171,0,0
1276,1.01177867797164,0,0
1277,1.00575046853113,0,0
1278,0.999793666170892,0,0
1279,0.714416118002314,0.411297669572748,0
1280,1.11952886737879,0,0
1281,1.1117919201634,0,0
1282,1.10416394626274,0,0
1283,1.09664061872206,0,0
1284,1.08921911920193,0,0
1285,1.08189739424017,0,0
1286,1.07467344521935,0,0
1287,1.06754532654799,0,0
1288,1.06051114391348,0,0
1289,1.05358267947368,0,0
1290,1.04695044168242,0,0
1291,1.04040118061107,0,0
1292,1.03402183264056,0,0
1293,1.02772648347331,0,0
1294,1.02150732534054,0,0
1295,1.01536298338054,0,0
1296,1.00929211561286,0,0
1297,1.00329341196117,0,0
1298,0.997365593310741,0,0
1299,0.991507410599163,0,0
1300,0.985717643938924,0,0
1301,0.97999510177053,0,0
1302,0.974338620044971,0,0
1303,1.11395842595144,0,0.0303301795447028
1304,1.08746795113399,0,0
1305,1.08012391487781,0,0
1306,1.0728784067144,0,0
1307,1.06572945706631,0,0
1308,1.05867514850443,0,0
1309,1.05171361403344,0,0
1310,1.04484303544444,0,0
1311,1.03806164173175,0,0
1312,1.03150435947893,0,0
1313,1.02516428694952,0,0
1314,1.01897277444104,0,0
1315,1.01285879393317,0,0
1316,1.00681774531612,0,0
1317,1.00084833135219,0,0
1318,0.9949492853876,0,0
1319,0.989119370456423,0,0
1320,0.983357378415917,0,0
1321,0.977662129111835,0,0
1322,0.972032469572597,0,0
1323,0.966467273231147,0,0
1324,0.960965439173384,0,0
1325,0.955525891412113,0,0
1326,0.950147578185529,0,0
1327,1.15631132063472,0,0
1328,1.05785393729193,0,0
1329,1.05090316326176,0,0
1330,1.04404313499764,0,0
1331,1.03727208692903,0,0
1332,1.030588298992,0,0
1333,1.02399009517259,0,0
1334,1.01747584210557,0,0
1335,1.01108101459958,0,0
1336,1.00495241568985,0,0
1337,0.998933589459006,0,0
1338,0.992986429498568,0,0
1339,0.987109663386583,0,0
1340,0.981302048646053,0,0
1341,0.975562371869173,0,0
1342,0.969889447872148,0,0
1343,0.964282118879323,0,0
1344,0.958739253735437,0,0
1345,0.953307835071913,0,0
1346,0.947954392208586,0,0
1347,0.942660739703232,0,0
1348,0.937425881458204,0,0
1349,0.93224884338009,0,0
1350,0.927128672775452,0,0
1351,1.09953492710147,0.129154004517613,0
1352,1.23743724433023,0,0
1353,0.998037370389387,0.203293718310834,0
1354,0.984273556758215,0.20870336734574,0
1355,1.21322762705044,0,0
1356,1.1093179155742,0,0.0811081952650861
1357,1.23983564603728,0,0
1358,0.942620754724312,0.251364128153605,0
1359,1.22178359360067,0,0
1360,1.21295327156106,0,0
1361,1.03079571592372,0.15254252512043,0
1362,1.19635922859454,0,0
1363,1.18833135103577,0,0
1364,1.18052094842564,0,0
1365,1.17327868431938,0,0
1366,0.91404552526502,0.0936490319059894,0.127216220553255
1367,1.23558321816248,0,0
1368,1.22619578996624,0,0
1369,1.21704661327571,0,0
1370,1.20804745428567,0,0
1371,1.19918999854984,0,0
1372,1.19046579752082,0,0
1373,1.1818676181639,0,0
1374,1.17340568537803,0,0
1375,1.16554177818189,0,0
1376,1.15792084248156,0,0
1377,1.15039891889653,0,0
1378,1.14297409031448,0,0
1379,1.13589585083228,0,0
1380,1.24176827219089,0,0
1381,0.968920642664465,0.225056024240842,0
1382,0.961815922443561,0.223405775483758,0
1383,1.21320229390928,0,0
1384,1.20415062118045,0,0
1385,1.19531208729927,0,0
1386,1.18663033331473,0,0
1387,1.17807378404415,0,0
1388,1.16963975040101,0,0
1389,1.16133051424959,0,0
1390,1.15314659936244,0,0
1391,1.14507722169041,0,0
1392,1.13720503836906,0,0
1393,1.12948829681675,0,0
1394,1.12187557651939,0,0
1395,1.11481324024987,0,0
1396,1.10783926418691,0,0
1397,1.10095200036567,0,0
1398,1.15014823484302,0.0848182848579956,0
1399,0,1.04258761906351,0
1400,1.11438993487996,0.0984998562524818,0
1401,1.12313457881518,0.0828261486249338,0
1402,1.21052797776526,0,0
1403,1.20122460820197,0,0
1404,1.19206314790412,0,0
1405,1.18304037452109,0,0
1406,1.17434022973044,0,0
1407,1.16595937954522,0,0
1408,1.15769730402467,0,0
1409,1.14955149599627,0,0
1410,1.14151951835851,0,0
1411,1.13359900164991,0,0
1412,1.12578838357401,0,0
1413,1.11809607618558,0,0
1414,1.11053134897777,0,0
1415,1.10317119027438,0,0
1416,1.09590794962746,0,0
1417,1.08873972524306,0,0
1418,1.08166466476163,0,0
1419,1.07480009490361,0,0
1420,1.06831630203155,0,0
1421,1.23127234759311,0,0
1422,1.20827814859036,0,0
1423,1.19900919608839,0,0
1424,1.18988136910083,0,0
1425,1.18089146889462,0,0
1426,1.17203639268126,0,0
1427,1.16331313004629,0,0
1428,1.1547211833223,0,0
1429,1.14647257644406,0,0
1430,1.13836147363623,0,0
1431,1.13036433396497,0,0
1432,1.12247877236742,0,0
1433,1.1147196634562,0,0
1434,1.1071654560028,0,0
1435,1.09971294574066,0,0
1436,1.09236009277974,0,0
1437,1.08511345765461,0,0
1438,1.07805253823784,0,0
1439,1.07111525262908,0,0
1440,1.06426667924703,0,0
1441,1.05750512725891,0,0
1442,1.05082894852978,0,0
1443,1.04423653628325,0,0
1444,1.03772632381221,0,0
1445,1.21073143918436,0,0
1446,1.16992724134697,0,0
1447,1.16123523013485,0,0
1448,1.15267142157808,0,0
1449,1.14423300005716,0,0
1450,1.13591723180317,0,0
1451,1.12781162815108,0,0
1452,1.1199350695116,0,0
1453,1.11219385005294,0,0
1454,1.10455891371701,0,0
1455,1.09702808660484,0,0
1456,1.08959925370216,0,0
1457,1.08227035689897,0,0
1458,1.07503939308861,0,0
1459,1.06790441234249,0,0
1460,1.06086351615701,0,0
1461,1.05405229861001,0,0
1462,1.04741950837415,0,0
1463,1.04086967189483,0,0
1464,1.03440124263691,0,0
1465,1.02801271227128,0,0
1466,1.02170260950225,0,0
1467,1.01546949893794,0,0
1468,1.00931198000167,0,0
1469,1.19366783089068,0,0
1470,1.13393596478843,0,0
1471,1.12576865734068,0,0
1472,1.11771816053969,0,0
1473,1.10978198620099,0,0
1474,1.10212770825817,0,0
1475,1.09462385794512,0,0
1476,1.0872272162903,0,0
1477,1.07992986554301,0,0
1478,1.07272981974353,0,0
1479,1.06562514554402,0,0
1480,1.05861396047783,0,0
1481,1.05169443129655,0,0
1482,1.0448666933953,0,0
1483,1.03812725729787,0,0
1484,1.03163096089891,0,0
1485,1.02527137930427,0,0
1486,1.01898972573769,0,0
1487,1.01278457656841,0,0
1488,1.00665454263264,0,0
1489,1.00059826819676,0,0
1490,0.994614429957726,0,0
1491,0.988701736079079,0,0
1492,0.982908421282857,0,0
1493,1.12564671819238,0.0459061390787883,0
1494,1.10009304563395,0,0
1495,1.09240432552699,0,0
1496,1.08488009713152,0,0
1497,1.07760389828915,0,0
1498,1.07043473124973,0,0
1499,1.06336032496292,0,0
1500,1.05637881296826,0,0
1501,1.04948887328541,0,0
1502,1.04268987277248,0,0
1503,1.03597839841433,0,0
1504,1.0293527708834,0,0
1505,1.02281135353981,0,0
1506,1.01643709806574,0,0
1507,1.01026290428122,0,0
1508,1.00416326603738,0,0
1509,0.99813684101254,0,0
1510,0.992182318916234,0,0
1511,0.986298420539439,0,0
1512,0.980561573740253,0,0
1513,0.974898569724106,0,0
1514,0.969300600823106,0,0
1515,0.963766553118319,0,0
1516,0.958295337985283,0,0
1517,1.16176672188931,0,0
1518,1.06821170189865,0,0
1519,1.0611051110125,0,0
1520,1.05415308411087,0,0
1521,1.0472927710879,0,0
1522,1.04052210344114,0,0
1523,1.03383841716324,0,0
1524,1.02724004680452,0,0
1525,1.02072536916393,0,0
1526,1.01429280195777,0,0
1527,1.0079408025385,0,0
1528,1.00168428986284,0,0
1529,0.995687494113889,0,0
1530,0.989762073246869,0,0
1531,0.983927745215415,0,0
1532,0.978225906434005,0,0
1533,0.972589770954145,0,0
1534,0.967018209615361,0,0
1535,0.961510118983765,0,0
1536,0.956064420623511,0,0
1537,0.950680060392875,0,0
1538,0.945356007763999,0,0
1539,0.940091255165339,0,0
1540,0.934884817345994,0,0
1541,1.1484313002654,0,0
1542,1.03862767549549,0,0
1543,1.03192646277691,0,0
1544,1.02531116799747,0,0
1545,1.01878014931901,0,0
1546,1.01233180647128,0,0
1547,1.00596457944465,0,0
1548,0.999676947231947,0,0
1549,0.993496457845916,0,0
1550,0.987401479365807,0,0
1551,0.981576033381418,0,0
1552,0.975901339661034,0,0
1553,0.970291881949975,0,0
1554,0.964746541752237,0,0
1555,0.959264225995892,0,0
1556,0.953843866314797,0,0
1557,0.948484418354505,0,0
1558,0.94318486110145,0,0
1559,0.937944196234505,0,0
1560,0.932761447498022,0,0
1561,0.927635660095556,0,0
1562,0.922565900103457,0,0
1563,0.917551253903613,0,0
1564,0.912590827634553,0,0
1565,1.01326739926,0,0.14246064764772
1566,1.23900237636383,0,0
1567,1.2310384432759,0,0
1568,1.1451169865661,0.0841193835475539,0
1569,1.06866365234047,0.143111722259064,0
1570,0,1.05965591540015,0
1571,1.21384845516562,0,0
1572,1.06371995403879,0.1249470920506,0
1573,0.965387523609436,0.204698811206947,0
1574,1.18993830840066,0,0
1575,1.0200053406654,0.195601084486535,0
1576,1.23501637168578,0,0
1577,0.957029967649811,0.234274882828142,0
1578,0.950041956867868,0.232564261988167,0
1579,1.20791313601214,0,0
1580,1.19923042691355,0,0
1581,1.19072196250938,0,0
1582,1.18233338157843,0,0
1583,1.17410123236679,0,0
1584,1.16636832439647,0,0
1585,1.15873661144775,0,0
1586,1.15151058798765,0,0
1587,1.23149101428814,0,0.0105394316227671
1588,0.977378482343883,0.227020568794945,0
1589,0.959134270466353,0.234790002847852,0
1590,1.22127985561531,0,0
1591,1.21210770427902,0,0
1592,1.20307229677289,0,0
1593,1.19417059773716,0,0
1594,1.1853996609884,0,0
1595,1.17682145903669,0,0
1596,1.16846021600426,0,0
1597,1.16038130477,0,0
1598,1.15241334404341,0,0
1599,1.14455406382874,0,0
1600,1.1370576732381,0,0
1601,1.12980351548104,0,0
1602,1.12264133056448,0,0
1603,1.11556938037139,0,0
1604,1.08530167696862,0,0.0928954891903009
1605,1.21271634401198,0.0216011545955647,0
1606,1.11326279636506,0.0984002295614727,0
1607,1.21801322492659,0,0
1608,1.20859432534688,0,0
1609,1.19940951845519,0,0
1610,1.19056174040737,0,0
1611,1.18184354266767,0,0
1612,1.17325209927349,0,0
1613,1.16478466584283,0,0
1614,1.15648602477097,0,0
1615,1.14835719362623,0,0
1616,1.14034183844385,0,0
1617,1.13244795855629,0,0
1618,1.12466468925622,0,0
1619,1.11698767784405,0,0
1620,1.10943789079551,0,0
1621,1.1022801111769,0,0
1622,1.09546158199233,0,0
1623,1.08872689086968,0,0
1624,1.08207450099523,0,0
1625,1.24126537074424,0,0
1626,1.06523841821008,0.137034562892278,0
1627,1.19142949677799,0.021221988865478,0
1628,1.09365164204153,0.096666818462413,0
1629,1.19703859613683,0,0
1630,1.1879400855872,0,0
1631,1.17897884449685,0,0
1632,1.17015178964239,0,0
1633,1.16145592945103,0,0
1634,1.15305385017976,0,0
1635,1.14487443497636,0,0
1636,1.13684325938122,0,0
1637,1.1289872795863,0,0
1638,1.12123912971985,0,0
1639,1.11359660482962,0,0
1640,1.10605755967345,0,0
1641,1.09862598248879,0,0
1642,1.09129918076171,0,0
1643,1.08406945736258,0,0
1644,1.07702207407497,0,0
1645,1.07009800164549,0,0
1646,1.06326238892254,0,0
1647,1.05680144167476,0,0
1648,1.05053235304363,0,0
1649,1.05507195203735,0.0125653271961624,0.0849654395794125
1650,1.04394965951306,0.121435198451476,0
1651,1.17677842694178,0,0
1652,1.16798469804824,0,0
1653,1.15932142037603,0,0
1654,1.15078571251497,0,0
1655,1.14237477729421,0,0
1656,1.13408589872609,0,0
1657,1.12591643908211,0,0
1658,1.11789810895842,0,0
1659,1.11025997042804,0,0
1660,1.10276588358031,0,0
1661,1.09537228634802,0,0
1662,1.08807717096626,0,0
1663,1.08087858280269,0,0
1664,1.07377461861141,0,0
1665,1.06676568961513,0,0
1666,1.05985634606147,0,0
1667,1.05306718436095,0,0
1668,1.04644674736947,0,0
1669,1.03990903322022,0,0
1670,1.0334525010976,0,0
1671,1.02707564821602,0,0
1672,1.02077700865381,0,0
1673,1.16372422914603,0.0331631257010791,0
1674,1.1487522852562,0,0
1675,1.14037093961475,0,0
1676,1.13211100943109,0,0
1677,1.12396987536973,0,0
1678,1.11594499290093,0,0
1679,1.10803388964921,0,0
1680,1.10023416285373,0,0
1681,1.09265631780603,0,0
1682,1.08528249653895,0,0
1683,1.07801136195889,0,0
1684,1.07083700871126,0,0
1685,1.06375751728092,0,0
1686,1.05682046943974,0,0
1687,1.05002823120457,0,0
1688,1.04332274353173,0,0
1689,1.03670235499811,0,0
1690,1.03017464943279,0,0
1691,1.02381836341917,0,0
1692,1.01755948999762,0,0
1693,1.01137667591436,0,0
1694,1.00526854310555,0,0
1695,0.999233746598353,0,0
1696,0.993270973523605,0,0
1697,1.09652039097637,0.077903337616574,0
1698,1.11403272591066,0,0
1699,1.10614861635512,0,0
1700,1.09837531569649,0,0
1701,1.09071050415583,0,0
1702,1.08315192625806,0,0
1703,1.0757015954273,0,0
1704,1.06853151704157,0,0
1705,1.0614727241854,0,0
1706,1.05451610704265,0,0
1707,1.04765007992807,0,0
1708,1.04087288477481,0,0
1709,1.03418280871498,0,0
1710,1.02757818263641,0,0
1711,1.02105737979432,0,0
1712,1.01461881447553,0,0
1713,1.00828907460087,0,0
1714,1.00214789859953,0,0
1715,0.996150399680444,0,0
1716,0.990224259502616,0,0
1717,0.984368212049266,0,0
1718,0.978581021075734,0,0
1719,0.97286147923942,0,0
1720,0.96720840726008,0,0
1721,1.16891527000774,0,0
1722,1.0813503046798,0,0
1723,1.0739204598361,0,0
1724,1.06659201763906,0,0
1725,1.05936291624123,0,0
1726,1.05231166051837,0,0
1727,1.0454557390631,0,0
1728,1.03870660742047,0,0
1729,1.03204405735372,0,0
1730,1.02546643340724,0,0
1731,1.01897212206159,0,0
1732,1.01255955041403,0,0
1733,1.00622718490839,0,0
1734,0.999973530112438,0,0
1735,0.993798582469594,0,0
1736,0.987699907808949,0,0
1737,0.981821558773003,0,0
1738,0.976059545962961,0,0
1739,0.970364769572354,0,0
1740,0.964736059563938,0,0
1741,0.959172272891636,0,0
1742,0.953672292726681,0,0
1743,0.948235027710253,0,0
1744,0.942859411231513,0,0
1745,1.03378143146931,0.108845201460758,0
1746,1.05053084071462,0,0
1747,1.04351710174474,0,0
1748,1.03659639437898,0,0
1749,1.0299195881194,0,0
1750,1.02336893051927,0,0
1751,1.01690107532503,0,0
1752,1.01051446242354,0,0
1753,1.00420757064999,0,0
1754,0.997979079601925,0,0
1755,0.991829146608159,0,0
1756,0.985754545918018,0,0
1757,0.979753901806643,0,0
1758,0.973825871844634,0,0
1759,0.968049669217305,0,0
1760,0.962447707643773,0,0
1761,0.956910208497005,0,0
1762,0.95143606547714,0,0
1763,0.946024197455313,0,0
1764,0.940673547761833,0,0
1765,0.935400325184354,0,0
1766,0.930245574140168,0,0
1767,0.925147324749102,0,0
1768,0.92010465309576,0,0
1769,1.14195076022517,0,0
1770,1.021419460148,0,0
1771,1.0148402423672,0,0
1772,1.00847761879688,0,0
1773,1.00219604735058,0,0
1774,0.995993056252277,0,0
1775,0.989867501070456,0,0
1776,0.983816832086451,0,0
1777,0.977839684394164,0,0
1778,0.971934726056966,0,0
1779,0.966100657118194,0,0
1780,0.960336208647076,0,0
1781,0.954658788480522,0,0
1782,0.949210300970019,0,0
1783,0.943823652416253,0,0
1784,0.938497795975131,0,0
1785,0.933274615644639,0,0
1786,0.928143202196853,0,0
1787,0.923067908175322,0,0
1788,0.918047817966207,0,0
1789,0.913082035766143,0,0
1790,0.908169685049328,0,0
1791,0.903309908051744,0,0
1792,0.898501865271835,0,0
1793,0.994829692526487,0,0.159454301451451
1794,1.2425237982593,0,0
1795,1.13836767655348,0.0836235845992384,0
1796,1.2242296067112,0,0
1797,1.21528304934105,0,0
1798,1.20708540820215,0,0
1799,1.02366088089048,0.193940002515417,0
1800,1.23606931754938,0,0
1801,0.958301287200505,0.234586093813005,0
1802,0,1.05256658049485,0
1803,0.917659637868466,0.254470569141583,0
1804,1.20032226928127,0,0
1805,1.19170625149634,0,0
1806,1.18321304521182,0,0
1807,1.17493996743273,0,0
1808,1.16756060877576,0,0
1809,0.988802765913901,0.218668269090218,0
1810,0.981437658304233,0.217039516230503,0
1811,0.997358841108556,0.195389770617189,0
1812,0.993916236970022,0.190598113646439,0
1813,1.20329019767341,0,0
1814,1.19463167279169,0,0
1815,1.18609686610321,0,0
1816,1.17768314477815,0,0
1817,1.16938795016567,0,0
1818,1.16120879519973,0,0
1819,1.15322136856122,0,0
1820,1.14535110091304,0,0
1821,1.13784430035044,0,0
1822,1.1305801341944,0,0
1823,1.00430152042191,0.016202604020278,0.131998069804805
1824,1.23757726570563,0,0
1825,1.22721301021107,0,0
1826,1.21702090668058,0,0
1827,1.20779496937136,0,0
1828,1.19880621954499,0,0
1829,1.18995027495289,0,0
1830,1.18122421396059,0,0
1831,1.1726252000087,0,0
1832,1.16415047853861,0,0
1833,1.15588219875044,0,0
1834,1.14789023615034,0,0
1835,1.14001916209352,0,0
1836,1.13232746142975,0,0
1837,1.12473885686975,0,0
1838,1.11725128943149,0,0
1839,1.10993257440283,0,0
1840,1.10301933963534,0,0
1841,1.09619169020927,0,0
1842,0,1.04429371805114,0
1843,1.23602010223365,0,0
1844,1.22568296970201,0,0
1845,1.2155173069641,0,0
1846,1.20551888266655,0,0
1847,1.1956836035427,0,0
1848,1.18608005434619,0,0
1849,1.17727613908014,0,0
1850,1.16875073358116,0,0
1851,1.16034791611431,0,0
1852,1.15206506148717,0,0
1853,1.14389961893319,0,0
1854,1.1358491094927,0,0
1855,1.12791112350381,0,0
1856,1.12010290289994,0,0
1857,1.11247928404647,0,0
1858,1.10496717208304,0,0
1859,1.09762936846408,0,0
1860,1.090497251168,0,0
1861,1.08345722089302,0,0
1862,1.07677029803805,0,0
1863,1.07026278461496,0,0
1864,1.06383345562527,0,0
1865,1.22895416000983,0,0
1866,1.2047270445708,0,0
1867,1.19450822709542,0,0
1868,1.1846972403599,0,0
1869,1.17535771461095,0,0
1870,1.16618182657227,0,0
1871,1.15754465325208,0,0
1872,1.14903447951731,0,0
1873,1.14064852473918,0,0
1874,1.13258366464873,0,0
1875,1.12469109620247,0,0
1876,1.11690776744902,0,0
1877,1.10923142602376,0,0
1878,1.10166677033969,0,0
1879,1.09428785466942,0,0
1880,1.0870071286358,0,0
1881,1.07982264531009,0,0
1882,1.07274342099869,0,0
1883,1.06575667962999,0,0
1884,1.05886035817666,0,0
1885,1.05208390976245,0,0
1886,1.04553216046711,0,0
1887,1.03939567257687,0,0
1888,1.0333307975158,0,0
1889,1.21052075695074,0,0
1890,1.16563418403429,0,0
1891,1.15584049867582,0,0
1892,1.1469402266571,0,0
1893,1.13858470168898,0,0
1894,1.13035003719731,0,0
1895,1.1222336296889,0,0
1896,1.11423294991431,0,0
1897,1.10634554024013,0,0
1898,1.09858779257709,0,0
1899,1.09116036955419,0,0
1900,1.08383270395233,0,0
1901,1.0766850483455,0,0
1902,1.06963592062956,0,0
1903,1.06267849473986,0,0
1904,1.05581099282223,0,0
1905,1.04903168268454,0,0
1906,1.04234587185246,0,0
1907,1.03574825931408,0,0
1908,1.02923364169745,0,0
1909,1.02288892685466,0,0
1910,1.01664137738781,0,0
1911,1.01046968156182,0,0
1912,1.00452855327382,0,0
1913,1.19311240073305,0,0
1914,1.12899867562513,0,0
1915,1.12024316680961,0,0
1916,1.11227122305558,0,0
1917,1.10441193846845,0,0
1918,1.09666294166261,0,0
1919,1.0890219273431,0,0
1920,1.08148665401911,0,0
1921,1.07405494181174,0,0
1922,1.06672467035153,0,0
1923,1.0596427041515,0,0
1924,1.0528111899628,0,0
1925,1.04607022529179,0,0
1926,1.03941503384959,0,0
1927,1.03284398889503,0,0
1928,1.02635550456468,0,0
1929,1.0199480345969,0,0
1930,1.01362355917936,0,0
1931,1.00738344909288,0,0
1932,1.00125737402319,0,0
1933,0.995270497475777,0,0
1934,0.989354790738015,0,0
1935,0.98350899224721,0,0
1936,0.977731870082293,0,0
1937,1.17662285707561,0,0
1938,1.0949388851217,0,0
1939,1.0872007419604,0,0
1940,1.07969056333004,0,0
1941,1.07228343068561,0,0
1942,1.0649772376609,0,0
1943,1.05776993490957,0,0
1944,1.05065952818871,0,0
1945,1.04367377602465,0,0
1946,1.03693288347821,0,0
1947,1.03029319771969,0,0
1948,1.02373800139348,0,0
1949,1.01726569201414,0,0
1950,1.01087470736678,0,0
1951,1.00463893320507,0,0
1952,0.998498933814702,0,0
1953,0.992433529553491,0,0
1954,0.986441710983148,0,0
1955,0.980530813624391,0,0
1956,0.974779596590975,0,0
1957,0.969104276188213,0,0
1958,0.963494658473288,0,0
1959,0.957949609061132,0,0
1960,0.95246801953144,0,0
1961,1.02314904862007,0.123883886537084,0
1962,1.06323552064782,0,0
1963,1.05605169347487,0,0
1964,1.04896429089095,0,0
1965,1.04197138445635,0,0
1966,1.0350710968145,0,0
1967,1.02826160001161,0,0
1968,1.02164166133906,0,0
1969,1.01517605352316,0,0
1970,1.00881121612853,0,0
1971,1.00252569255368,0,0
1972,0.996318009454646,0,0
1973,0.99018672975494,0,0
1974,0.984130451536433,0,0
1975,0.978147806970692,0,0
1976,0.972237461289072,0,0
1977,0.966398111789905,0,0
1978,0.960682119155484,0,0
1979,0.955115419422487,0,0
1980,0.949666125316344,0,0
1981,0.944278659020108,0,0
1982,0.938951974220005,0,0
1983,0.933685048078896,0,0
1984,0.928476880581496,0,0
1985,1.14755622164819,0,0
1986,1.03342575076771,0,0
1987,1.02663781448613,0,0
1988,1.01993846784634,0,0
1989,1.01332598781135,0,0
1990,1.0068042235063,0,0
1991,1.00052051858625,0,0
1992,0.994331724270643,0,0
1993,0.988224606246265,0,0
1994,0.982192049282468,0,0
1995,0.976232696203678,0,0
1996,0.970345222573792,0,0
1997,0.964528335714867,0,0
1998,0.9587807737609,0,0
1999,0.953101304745228,0,0
2000,0.947489791064058,0,0
2001,0.941944657561766,0,0
2002,0.936600438396076,0,0
2003,0.931355562557899,0,0
2004,0.926169101243088,0,0
2005,0.921040083973038,0,0
2006,0.915967561648342,0,0
2007,0.910950605963295,0,0
2008,0.905988308839542,0,0
2009,1.00109050460037,0.121213016473553,0
2010,1.0052419379966,0,0
2011,0.998818046446841,0,0
2012,0.992475735951687,0,0
2013,0.986285955632755,0,0
2014,0.980267673044058,0,0
2015,0.974331578447533,0,0
2016,0.968466944172324,0,0
2017,0.962672487550804,0,0
2018,0.956946956430205,0,0
2019,0.951289128270539,0,0
2020,0.945699456151704,0,0
2021,0.940175197440098,0,0
2022,0.934715103306888,0,0
2023,0.929318062294073,0,0
2024,0.924059853705869,0,0
2025,0.918954106978296,0,0
2026,0.913904472206728,0,0
2027,0.908910029443966,0,0
2028,0.903969878743375,0,0
2029,0.899083139618283,0,0
2030,0.894248950518809,0,0
2031,0.889503886394822,0,0
2032,0.884841311648793,0,0
2033,0.630796587938237,0.320035046373197,0.156267870267156
2034,1.20579183595074,0.0267397105753804,0
2035,1.2269374522118,0,0
2036,0.771393886133048,0.201909269286387,0.152236790605968
2037,1.20354728875436,0.0304412545459215,0
2038,1.18997466404884,0.0343373779004849,0
2039,1.21985682389689,0,0
2040,1.21095127733454,0,0
2041,1.20219260129657,0,0
2042,1.19356409877143,0,0
2043,1.18505857239131,0,0
2044,1.01978344551628,0,0.141015163643974
2045,0.947617968590111,0.255844652704421,0
2046,1.13615513534574,0.083461053080937,0
2047,1.22220997815461,0,0
2048,1.11968380108897,0.0822510819599826,0
2049,1.1116259391638,0.0816591578283543,0
2050,1.19584320680691,0,0
2051,1.18730528302486,0,0
2052,1.1788884108612,0,0
2053,1.17059003401304,0,0
2054,1.16240766765124,0,0
2055,1.15433889593969,0,0
2056,1.14638136965735,0,0
2057,1.12212560542829,0,0.0760958254351217
2058,1.23764439707685,0,0
2059,0.935571236712001,0.252592190176519,0
2060,0.981006510302315,0.205868276780994,0
2061,0.973791911728637,0.204354263407551,0
2062,1.19886011458106,0,0
2063,0.976110963751689,0.187183689611358,0
2064,1.18163910253782,0,0
2065,1.17328828310038,0,0
2066,1.16505466832827,0,0
2067,1.15693580794597,0,0
2068,1.14892931950574,0,0
2069,1.14103288605681,0,0
2070,1.13324425390994,0,0
2071,1.12556123049298,0,0
2072,1.11801074158862,0,0
2073,1.11068210601039,0,0
2074,1.12518390512711,0,0.0721927906569477
2075,1.23611972200939,0,0
2076,1.22575599113631,0,0
2077,1.21556927171121,0,0
2078,1.20556886704513,0,0
2079,1.19573166500296,0,0
2080,1.1860537028173,0,0
2081,1.17719474943976,0,0
2082,1.16865409030055,0,0
2083,1.16023646511649,0,0
2084,1.15193923431928,0,0
2085,1.1437598333102,0,0
2086,1.13588936999818,0,0
2087,1.12817056083519,0,0
2088,1.12055594822479,0,0
2089,1.11304343648094,0,0
2090,1.10563098574349,0,0
2091,1.09836237009922,0,0
2092,1.09122075489405,0,0
2093,1.08417141012555,0,0
2094,1.07747569588438,0,0
2095,1.10552729731049,0.112655938918425,0
2096,1.22441948714739,0,0
2097,1.21409380446024,0,0
2098,1.20409462353517,0,0
2099,1.19427685470129,0,0
2100,1.18462233288099,0,0
2101,1.17512265342695,0,0
2102,1.16577412085539,0,0
2103,1.1565731563501,0,0
2104,1.1480573379575,0,0
2105,1.13993277684884,0,0
2106,1.1319223993185,0,0
2107,1.12402381503842,0,0
2108,1.11623469993733,0,0
2109,1.10855279392078,0,0
2110,1.10097589868481,0,0
2111,1.0935501915839,0,0
2112,1.08639426803347,0,0
2113,1.07939268785469,0,0
2114,1.07249485175112,0,0
2115,1.06568461678529,0,0
2116,1.05896032471153,0,0
2117,1.05241451288323,0,0
2118,1.04619721082781,0,0
2119,1.03628954769526,0.028168649619948,0.0891302387343705
2120,1.18370408295049,0,0
2121,1.17372502102252,0,0
2122,1.16439967752783,0,0
2123,1.15522134726926,0,0
2124,1.1461865809592,0,0
2125,1.13729203637754,0,0
2126,1.12866585125934,0,0
2127,1.12057352553856,0,0
2128,1.11282761616631,0,0
2129,1.10520706551998,0,0
2130,1.09769017480878,0,0
2131,1.09027484324108,0,0
2132,1.08295902641099,0,0
2133,1.07574073441934,0,0
2134,1.06861803006907,0,0
2135,1.06165780131948,0,0
2136,1.05480813190767,0,0
2137,1.04805232575912,0,0
2138,1.04138250767982,0,0
2139,1.03489509986463,0,0
2140,1.02855259196513,0,0
2141,1.02255396746003,0,0
2142,1.01668348777937,0,0
2143,1.20140612572956,0,0
2144,1.14588639549593,0,0
2145,1.13631183594685,0,0
2146,1.12742998911426,0,0
2147,1.11895220196855,0,0
2148,1.11063276774822,0,0
2149,1.10279606628142,0,0
2150,1.09506918254602,0,0
2151,1.08744982424675,0,0
2152,1.07999021054996,0,0
2153,1.07281130948049,0,0
2154,1.06572721724989,0,0
2155,1.05873606802591,0,0
2156,1.05183604461649,0,0
2157,1.04508117190991,0,0
2158,1.03843851945103,0,0
2159,1.03187977653317,0,0
2160,1.02540459413485,0,0
2161,1.01901904422856,0,0
2162,1.0127125321922,0,0
2163,1.00648359960137,0,0
2164,1.00036843071035,0,0
2165,0.994392148339032,0,0
2166,0.988789270158917,0,0
2167,1.14610033008746,0.0341609636389942,0
2168,1.11046284325088,0,0
2169,1.1012648311735,0,0
2170,1.09316686380109,0,0
2171,1.08557386293719,0,0
2172,1.07808561455195,0,0
2173,1.07069996575972,0,0
2174,1.06341482226861,0,0
2175,1.05622814640052,0,0
2176,1.04913795519105,0,0
2177,1.04226063502744,0,0
2178,1.03557301076093,0,0
2179,1.02901423618985,0,0
2180,1.02257363080914,0,0
2181,1.01621314750813,0,0
2182,1.00993130043322,0,0
2183,1.00372664024506,0,0
2184,0.99759775300371,0,0
2185,0.991550970571405,0,0
2186,0.985578869189044,0,0
2187,0.979678276919454,0,0
2188,0.97393702721701,0,0
2189,0.968271485205533,0,0
2190,0.962671476640561,0,0
2191,1.16828162129449,0,0
2192,1.07716375978908,0,0
2193,1.06889107406091,0,0
2194,1.06163088025212,0,0
2195,1.05446864741911,0,0
2196,1.04740240618359,0,0
2197,1.04043023960493,0,0
2198,1.03355028144643,0,0
2199,1.02676071450986,0,0
2200,1.02005976903532,0,0
2201,1.01350206084577,0,0
2202,1.00718620375883,0,0
2203,1.00101512448222,0,0
2204,0.99491920570442,0,0
2205,0.98889708261379,0,0
2206,0.982947423244011,0,0
2207,0.977068927491947,0,0
2208,0.971260326170528,0,0
2209,0.965524854598279,0,0
2210,0.959861253427048,0,0
2211,0.95430648727623,0,0
2212,0.948866393500514,0,0
2213,0.943487971463718,0,0
2214,0.938170178362254,0,0
2215,1.03540874815491,0.107511920822128,0
2216,1.04603128573137,0,0
2217,1.03876782537718,0,0
2218,1.0319097629836,0,0
2219,1.02514166205778,0,0
2220,1.01846176401321,0,0
2221,1.01186835580294,0,0
2222,1.00535976845502,0,0
2223,0.998934375663988,0,0
2224,0.992708808567052,0,0
2225,0.986620451399043,0,0
2226,0.980607587015754,0,0
2227,0.974667568339974,0,0
2228,0.968799079556244,0,0
2229,0.96301110207635,0,0
2230,0.957367961080979,0,0
2231,0.951790571184147,0,0
2232,0.946277789892632,0,0
2233,0.940830055380617,0,0
2234,0.935451653208116,0,0
2235,0.930223813720721,0,0
2236,0.925054081816022,0,0
2237,0.919941494047268,0,0
2238,0.914885108149743,0,0
2239,1.06232723143364,0.0722465242402528,0
2240,1.01688993525872,0,0
2241,1.01029589295473,0,0
2242,1.00380745397071,0,0
2243,0.997401824760843,0,0
2244,0.991077430067258,0,0
2245,0.984832734334336,0,0
2246,0.978694097978313,0,0
2247,0.972755343801352,0,0
2248,0.966903629678429,0,0
2249,0.961127985106095,0,0
2250,0.955420930604732,0,0
2251,0.949781251549535,0,0
2252,0.944207761826262,0,0
2253,0.938699302999583,0,0
2254,0.933254743510381,0,0
2255,0.927872977900817,0,0
2256,0.922552926066064,0,0
2257,0.917368052673188,0,0
2258,0.912299668168298,0,0
2259,0.907326711691961,0,0
2260,0.902407676580878,0,0
2261,0.897541690566508,0,0
2262,0.892727900093281,0,0
2263,0.741714466035532,0.352060836119944,0
2264,0.98956887418004,0,0
2265,0.983343114836536,0,0
2266,0.977195203029258,0,0
2267,0.971123687709816,0,0
2268,0.965127153669789,0,0
2269,0.959294543282202,0,0
2270,0.953593003813474,0,0
2271,0.947974649373453,0,0
2272,0.942422111307147,0,0
2273,0.936934239837419,0,0
2274,0.931509911813409,0,0
2275,0.926148029944218,0,0
2276,0.920847522058902,0,0
2277,0.915607340391732,0,0
2278,0.910426460891721,0,0
2279,0.90530462038328,0,0
2280,0.900240948223469,0,0
2281,0.895361527852605,0,0
2282,0.890567169933236,0,0
2283,0.885823882874418,0,0
2284,0.881130854967489,0,0
2285,0.876487291614614,0,0
2286,0.871892414880288,0,0
2287,0.969054420270112,0,0.182438387741032
2288,0.888693295875999,0.101387054362446,0.157143693296822
2289,1.21039263855954,0.0268417382442597,0
2290,1.06545325542523,0.146325082365647,0
2291,1.22278094651979,0,0
2292,0,1.0614269255724,0
2293,1.2052869501476,0,0
2294,0.824895173279467,0.218810840905466,0.106094308717874
2295,1.0146627043148,0.192235232488189,0
2296,1.0069441456653,0.190772895388218,0
2297,1.18174961288294,0.0298899271440681,0
2298,1.20683393990751,0,0
2299,1.16474536779279,0.0294598397200111,0
2300,1.18952477750039,0,0
2301,1.18105506462222,0,0
2302,1.17270511195467,0,0
2303,1.16447239724817,0,0
2304,0.992324058354525,0.22318110617864,0
2305,0.984571622524408,0.2214375253498,0
2306,0.976939378022954,0.219720976450154,0
2307,0.99779029101725,0.193244671095795,0
2308,0.954729035806815,0.222786362558567,0
2309,0.854770262412067,0.301022958118626,0
2310,1.19169672319955,0,0
2311,1.18319616300917,0,0
2312,1.17481601556185,0,0
2313,1.16656629907648,0,0
2314,1.15843989219967,0,0
2315,1.15042592066599,0,0
2316,1.14252206705764,0,0
2317,1.1347260772084,0,0
2318,1.12703575806016,0,0
2319,1.10633937016573,0,0.0858289449239362
2320,1.23636468582852,0,0
2321,1.22595370616664,0,0
2322,1.21571659659305,0,0
2323,1.20566016800909,0,0
2324,0.950388606110249,0.213749509170395,0
2325,0.956493117380248,0.200724039810165,0
2326,0.949633310202012,0.199284480879613,0
2327,1.07852822462521,0.0792278260286523,0
2328,1.07104985450739,0.0786784709045605,0
2329,1.15269415266212,0,0
2330,1.14474606306219,0,0
2331,1.13690683065526,0,0
2332,1.12917423428642,0,0
2333,1.12154611282066,0,0
2334,1.11402036312921,0,0
2335,1.10659493815632,0,0
2336,1.09926784506288,0,0
2337,1.09203714344335,0,0
2338,0.978249410828451,0,0.160693008002781
2339,1.20027811371801,0.0296733126116101,0
2340,1.22438306398364,0,0
2341,1.18196218850789,0.027796232583376,0
2342,1.2042132324455,0,0
2343,1.19437548110937,0,0
2344,1.184697165172,0,0
2345,1.17517443995593,0,0
2346,1.16582508668222,0,0
2347,1.15662332083079,0,0
2348,1.14810676642243,0,0
2349,1.13998150818457,0,0
2350,1.13197044816996,0,0
2351,1.12413683886319,0,0
2352,1.11657639785002,0,0
2353,1.10911697372418,0,0
2354,1.10175655535458,0,0
2355,1.0944931846439,0,0
2356,1.08732495479199,0,0
2357,1.08025000862695,0,0
2358,1.07326653700096,0,0
2359,1.06637556016364,0,0
2360,1.0596425733332,0,0
2361,1.17677627293349,0,0.03207500986685
2362,1.20307681195874,0,0
2363,1.19295548876861,0,0
2364,1.18330007922025,0,0
2365,1.17379971056447,0,0
2366,1.16445067821101,0,0
2367,1.15526206397883,0,0
2368,1.14622564270509,0,0
2369,1.13732948943045,0,0
2370,1.1285703633392,0,0
2371,1.12037454983027,0,0
2372,1.11263575493513,0,0
2373,1.1050031354464,0,0
2374,1.09747452117925,0,0
2375,1.09004780069231,0,0
2376,1.08272091931335,0,0
2377,1.07563878023395,0,0
2378,1.06871461052249,0,0
2379,1.06187901603189,0,0
2380,1.05513030795872,0,0
2381,1.04848567214372,0,0
2382,1.04197601067845,0,0
2383,1.03554668263466,0,0
2384,1.02919621008227,0,0
2385,1.03148584600568,0.0280380743477437,0.0887170771046225
2386,1.16367529980359,0,0
2387,1.15392086071155,0,0
2388,1.14488873623706,0,0
2389,1.13601324266866,0,0
2390,1.12727430106477,0,0
2391,1.11866878414687,0,0
2392,1.11019365940646,0,0
2393,1.10184598554221,0,0
2394,1.09395046445034,0,0
2395,1.08657120233178,0,0
2396,1.07929082705537,0,0
2397,1.07210736413024,0,0
2398,1.06501889128461,0,0
2399,1.05802353675091,0,0
2400,1.05111947761788,0,0
2401,1.04430493824694,0,0
2402,1.03759683129004,0,0
2403,1.03118613419703,0,0
2404,1.02488886840661,0,0
2405,1.01866804828545,0,0
2406,1.01252229021329,0,0
2407,1.00645024375985,0,0
2408,1.00056406128078,0,0
2409,1.09886539119175,0.0830133471195656,0
2410,1.12690471362297,0,0
2411,1.11743210749402,0,0
2412,1.10895281170134,0,0
2413,1.10062465854225,0,0
2414,1.09242066060862,0,0
2415,1.08436838151038,0,0
2416,1.07655346713368,0,0
2417,1.06918872430735,0,0
2418,1.06201180966344,0,0
2419,1.05506916269044,0,0
2420,1.04821669794493,0,0
2421,1.04145266961859,0,0
2422,1.03477537667625,0,0
2423,1.02818316142968,0,0
2424,1.02167440816558,0,0
2425,1.01527972259132,0,0
2426,1.00900937477603,0,0
2427,1.00282165361279,0,0
2428,0.99671343238181,0,0
2429,0.990679171428021,0,0
2430,0.984717535533357,0,0
2431,0.978944202151685,0,0
2432,0.973535594889593,0,0
2433,1.1775175398597,0,0
2434,1.09252582002688,0,0
2435,1.08352265715047,0,0
2436,1.07544394854316,0,0
2437,1.06771258774893,0,0
2438,1.06013506347881,0,0
2439,1.05299250032685,0,0
2440,1.04594553780796,0,0
2441,1.03899226931176,0,0
2442,1.03213083859235,0,0
2443,1.02550670358166,0,0
2444,1.0190316853137,0,0
2445,1.01263792015455,0,0
2446,1.00632388820836,0,0
2447,1.00010939810525,0,0
2448,0.99402447207941,0,0
2449,0.988013142820818,0,0
2450,0.982074083133789,0,0
2451,0.976208451929102,0,0
2452,0.970419196832552,0,0
2453,0.964698201517737,0,0
2454,0.959044265806973,0,0
2455,0.953498924215752,0,0
2456,0.948068007489948,0,0
2457,0.93859076079907,0.200295165864304,0
2458,1.06027817197701,0,0
2459,1.05161061724482,0,0
2460,1.04420992774011,0,0
2461,1.03727963973119,0,0
2462,1.03044073608977,0,0
2463,1.02369142113215,0,0
2464,1.01702994591489,0,0
2465,1.0104546067239,0,0
2466,1.0039637436217,0,0
2467,0.997555739050392,0,0
2468,0.991427819164648,0,0
2469,0.985385749798515,0,0
2470,0.979478140796255,0,0
2471,0.973640944540764,0,0
2472,0.96787290961636,0,0
2473,0.962172814087216,0,0
2474,0.95653946463437,0,0
2475,0.950971695722863,0,0
2476,0.945476636045455,0,0
2477,0.940045130223781,0,0
2478,0.934675672993747,0,0
2479,0.929456478957114,0,0
2480,0.924295248821229,0,0
2481,0.883067552911145,0.239618602666959,0
2482,1.02987962658516,0,0
2483,1.02204059978182,0,0
2484,1.015400923233,0,0
2485,1.00884695903949,0,0
2486,1.00237705813914,0,0
2487,0.995989613503058,0,0
2488,0.989683058804852,0,0
2489,0.983455867140094,0,0
2490,0.977306549793854,0,0
2491,0.971233655054159,0,0
2492,0.965384932243127,0,0
2493,0.959680883339998,0,0
2494,0.954076590737095,0,0
2495,0.948537373401816,0,0
2496,0.943062104426765,0,0
2497,0.937649682774731,0,0
2498,0.932299032540556,0,0
2499,0.927009102238127,0,0
2500,0.921784136020398,0,0
2501,0.916620690136812,0,0
2502,0.911561607768148,0,0
2503,0.906596672494266,0,0
2504,0.901685528531636,0,0
2505,1.11205566402894,0,0.014704868284706
2506,1.00130598407158,0,0
2507,0.994466078015849,0,0
2508,0.988178741558912,0,0
2509,0.981970406780414,0,0
2510,0.975839593968238,0,0
2511,0.969784860134598,0,0
2512,0.96380479788375,0,0
2513,0.957898034321355,0,0
2514,0.952111015065859,0,0
2515,0.946499603128365,0,0
2516,0.940964449263512,0,0
2517,0.935493658444405,0,0
2518,0.930086114535216,0,0
2519,0.924740727058724,0,0
2520,0.919491525192274,0,0
2521,0.914345536849128,0,0
2522,0.909256827592414,0,0
2523,0.90422444637005,0,0
2524,0.899250019060889,0,0
2525,0.894342782303548,0,0
2526,0.889563152764573,0,0
2527,0.884834339128369,0,0
2528,0.880155535285937,0,0
2529,0.873106569303055,0,0.150860913096364
2530,0.974571514245791,0,0
2531,0.968340381128661,0,0
2532,0.962378065262196,0,0
2533,0.956488723042631,0,0
2534,0.950671022915964,0,0
2535,0.944923665528261,0,0
2536,0.939245382758157,0,0
2537,0.93374111102219,0,0
2538,0.928338984836991,0,0
2539,0.923013603201198,0,0
2540,0.91774897078233,0,0
2541,0.912544053981995,0,0
2542,0.90739784251735,0,0
2543,0.902309348767354,0,0
2544,0.897277607140902,0,0
2545,0.892301673465977,0,0
2546,0.887380624399018,0,0
2547,0.882532955283478,0,0
2548,0.877791358231857,0,0
2549,0.873157894858334,0,0
2550,0.868601443101427,0,0
2551,0.864092298882998,0,0
2552,0.859629729249456,0,0
2553,0.692816210974186,0.191626643473506,0.221506116566302
2554,0.288999135209779,0.461580134076579,0.280941794834153
2555,0.568857560042673,0,0.441632347385227
2556,0.862274745960914,0,0.249172715004541
2557,0.997080110374502,0.210956984056733,0
2558,1.21216308593142,0.0153341956164426,0
2559,0,1.05880423960007,0
2560,1.1646690755706,0.0407686000941472,0
2561,1.20149042484221,0,0
2562,1.19277166737892,0,0
2563,1.18438728704196,0,0
2564,1.00480545035607,0.012262421990906,0.146460918071673
2565,0.948634231138127,0.255680333102696,0
2566,0.941200897802899,0.253676866349289,0
2567,0.984015517768575,0.208192846024693,0
2568,1.21202211137781,0,0
2569,1.20304721762107,0,0
2570,1.19420426311988,0,0
2571,1.18555161585357,0,0
2572,1.17713818819334,0,0
2573,1.16884333312513,0,0
2574,1.16066456157761,0,0
2575,1.15261501875609,0,0
2576,1.11682624302272,0.0247668043612797,0
2577,0.894489944845338,0.0514519577803372,0.183869111539733
2578,0,0.672300586689883,0.286992550589825
2579,1.19445736129242,0.0280900818555972,0
2580,1.21631310095533,0,0
2581,1.20623570093736,0,0
2582,1.19685517311347,0,0
2583,0.973266225416453,0.188495030781947,0
2584,1.17947727388383,0,0
2585,1.17097620087341,0,0
2586,1.16273230280935,0,0
2587,1.15463853327175,0,0
2588,1.1466566661027,0,0
2589,1.13878439653486,0,0
2590,1.13101948266203,0,0
2591,1.12335974331053,0,0
2592,1.11580305599651,0,0
2593,1.10834735496515,0,0
2594,0.985697259753239,0.00619449546818875,0.155932944989964
2595,1.23547264798687,0,0
2596,0.575665078805309,0.557906007401786,0
2597,1.18110776692198,0.0291993827058234,0
2598,1.17296047457789,0.0275845390651892,0
2599,1.19474625014808,0,0
2600,1.18502162461318,0,0
2601,0.934291689541318,0.210129192182543,0
2602,1.1660396871269,0,0
2603,1.15681314210697,0,0
2604,1.14867475457596,0,0
2605,1.14077484606333,0,0
2606,1.13299075469547,0,0
2607,1.12532385951861,0,0
2608,1.11776002994019,0,0
2609,1.11029720157918,0,0
2610,1.102933364821,0,0
2611,1.09566656301339,0,0
2612,1.08849489073304,0,0
2613,1.08141649211995,0,0
2614,1.07442955927626,0,0
2615,0.504851583603644,0.623040631042394,0
2616,1.22670079292259,0,0
2617,1.21315571621589,0,0
2618,1.16959103077464,0.0289146655989656,0
2619,1.19317274057784,0,0
2620,1.18347360933313,0,0
2621,1.17393089233187,0,0
2622,1.16456160510927,0,0
2623,1.15535857535441,0,0
2624,1.14629986031845,0,0
2625,1.13738209186372,0,0
2626,1.1286181280256,0,0
2627,1.12042162327547,0,0
2628,1.11268218030929,0,0
2629,1.10521811620512,0,0
2630,1.09790918424923,0,0
2631,1.09069628678782,0,0
2632,1.08357754343057,0,0
2633,1.07655112256042,0,0
2634,1.06961523976251,0,0
2635,1.06276815631326,0,0
2636,1.05600817772733,0,0
2637,1.04933365235948,0,0
2638,1.0427429700593,0,0
2639,1.22100569354955,0,0
2640,1.18246543171222,0,0
2641,1.17254064582835,0,0
2642,1.16321157931263,0,0
2643,1.15402979042176,0,0
2644,1.14499181886988,0,0
2645,1.13609431192797,0,0
2646,1.127334020277,0,0
2647,1.11871571435992,0,0
2648,1.11023988120433,0,0
2649,1.10189151484504,0,0
2650,1.09399534357713,0,0
2651,1.08661547802252,0,0
2652,1.07933451139928,0,0
2653,1.07215046889573,0,0
2654,1.0650941670524,0,0
2655,1.05830466036344,0,0
2656,1.05160116562187,0,0
2657,1.04498205866933,0,0
2658,1.0384457559835,0,0
2659,1.03199071341518,0,0
2660,1.02561542497207,0,0
2661,1.01931842164742,0,0
2662,1.01314599661941,0,0
2663,1.20286281349612,0,0
2664,1.1443810568877,0,0
2665,1.13480944482447,0,0
2666,1.12606888066823,0,0
2667,1.11746193106521,0,0
2668,1.10898555546314,0,0
2669,1.10065597130433,0,0
2670,1.09245058124223,0,0
2671,1.08436662822974,0,0
2672,1.07640143622706,0,0
2673,1.06878692067895,0,0
2674,1.06174214326128,0,0
2675,1.05478962727994,0,0
2676,1.04792757208281,0,0
2677,1.04115422357225,0,0
2678,1.03446787271032,0,0
2679,1.02786685408106,0,0
2680,1.0214579376382,0,0
2681,1.01521172709471,0,0
2682,1.00904144335608,0,0
2683,1.00294571037517,0,0
2684,0.996983994554595,0,0
2685,0.991096341063786,0,0
2686,0.985277817982028,0,0
2687,0.895609195850171,0,0.178323197102731
2688,1.10867334805094,0,0
2689,1.09943084506951,0,0
2690,1.09123610744389,0,0
2691,1.08317005189545,0,0
2692,1.07522236462518,0,0
2693,1.06739045905414,0,0
2694,1.05967182342083,0,0
2695,1.0520640180955,0,0
2696,1.04471406326768,0,0
2697,1.03798205907894,0,0
2698,1.03133625974997,0,0
2699,1.02477502000528,0,0
2700,1.01829673617293,0,0
2701,1.0118998448777,0,0
2702,1.00558282178336,0,0
2703,0.999344180381625,0,0
2704,0.993194335971816,0,0
2705,0.987131124082171,0,0
2706,0.981329537969025,0,0
2707,0.975624797586891,0,0
2708,0.969986000330627,0,0
2709,0.964412009380567,0,0
2710,0.958901713898523,0,0
2711,1.1713565831997,0,0
2712,1.07530672982981,0,0
2713,1.06634309754828,0,0
2714,1.05854650601207,0,0
2715,1.05095565039409,0,0
2716,1.04347288795637,0,0
2717,1.03617897530873,0,0
2718,1.02904093164662,0,0
2719,1.02230988158551,0,0
2720,1.01566631609769,0,0
2721,1.0092828766836,0,0
2722,1.00301048479611,0,0
2723,0.996815573477548,0,0
2724,0.990696715906601,0,0
2725,0.984652520081857,0,0
2726,0.978681627766053,0,0
2727,0.972784056382918,0,0
2728,0.967026139708476,0,0
2729,0.961335984265218,0,0
2730,0.955718816601655,0,0
2731,0.950169341668611,0,0
2732,0.944683941817006,0,0
2733,0.939261513685678,0,0
2734,0.933900979101786,0,0
2735,1.1572399826414,0,0
2736,1.04393701026935,0,0
2737,1.03542054423571,0,0
2738,1.02804076651601,0,0
2739,1.02096026873862,0,0
2740,1.01402966170757,0,0
2741,1.00749293571398,0,0
2742,1.00103994515833,0,0
2743,0.994669091304523,0,0
2744,0.988378815857984,0,0
2745,0.98219762298253,0,0
2746,0.976256376520009,0,0
2747,0.970386574285865,0,0
2748,0.964586935293498,0,0
2749,0.958856208998287,0,0
2750,0.953253778686653,0,0
2751,0.947724083776482,0,0
2752,0.94225817287311,0,0
2753,0.936854948699919,0,0
2754,0.931516792785908,0,0
2755,0.926244046649091,0,0
2756,0.921030656110662,0,0
2757,0.915875624526321,0,0
2758,0.910824740600517,0,0
2759,1.00569737347934,0.0139925163484583,0.0751750820379821
2760,1.0144333217071,0,0
2761,1.00624087661836,0,0
2762,0.999450052608552,0,0
2763,0.993099355392635,0,0
2764,0.986828855681315,0,0
2765,0.980637043888043,0,0
2766,0.974522448077357,0,0
2767,0.968483632798314,0,0
2768,0.962519197961038,0,0
2769,0.956627777754526,0,0
2770,0.950892454533987,0,0
2771,0.945322824452801,0,0
2772,0.939868200328086,0,0
2773,0.934492273009079,0,0
2774,0.929177495172399,0,0
2775,0.923922829384097,0,0
2776,0.918727261545758,0,0
2777,0.913589800242053,0,0
2778,0.908510249120432,0,0
2779,0.903494037315809,0,0
2780,0.898532913966628,0,0
2781,0.893633479299689,0,0
2782,0.888861407973226,0,0
2783,1.1311935675809,0,0
2784,0.986572181437271,0,0
2785,0.97912466920318,0,0
2786,0.973029228649169,0,0
2787,0.967009211637936,0,0
2788,0.961063226867627,0,0
2789,0.955189917046831,0,0
2790,0.949387957861661,0,0
2791,0.943656056980248,0,0
2792,0.937992953093083,0,0
2793,0.932397414987709,0,0
2794,0.926938929299875,0,0
2795,0.921629552350331,0,0
2796,0.916455023628606,0,0
2797,0.911342872601604,0,0
2798,0.906287438195683,0,0
2799,0.901287781756258,0,0
2800,0.896342985227962,0,0
2801,0.891452150592655,0,0
2802,0.886614399325732,0,0
2803,0.88183478913409,0,0
2804,0.877108056120548,0,0
2805,0.872481784615292,0,0
2806,0.867932368116055,0,0
2807,1.1206264750246,0,0
2808,0.960248508270789,0,0
2809,0.953788557331489,0,0
2810,0.948003558221747,0,0
2811,0.942288311377426,0,0
2812,0.936641562808106,0,0
2813,0.931062088402919,0,0
2814,0.925548693045872,0,0
2815,0.920100209762416,0,0
2816,0.914715498895989,0,0
2817,0.909514271986445,0,0
2818,0.904402080449122,0,0
2819,0.899347036836896,0,0
2820,0.894348188212307,0,0
2821,0.889404602707666,0,0
2822,0.884515368945933,0,0
2823,0.879735278352196,0,0
2824,0.87502352600381,0,0
2825,0.870361975893482,0,0
2826,0.865749829939304,0,0
2827,0.861189692961884,0,0
2828,0.856694914020572,0,0
2829,0.852308230374676,0,0
2830,0.847966241664686,0,0
