DMU,peer1,peer2,peer3,peer4,peer5
1,1,NA,NA,NA,NA
2,1,4,NA,NA,NA
3,1,4,5,NA,NA
4,4,NA,NA,NA,NA
5,5,NA,NA,NA,NA
6,6,NA,NA,NA,NA
7,7,NA,NA,NA,NA
8,1,6,7,23,NA
9,1,6,7,NA,NA
10,1,6,7,NA,NA
11,1,6,7,NA,NA
12,1,4,6,NA,NA
13,13,NA,NA,NA,NA
14,1,7,13,NA,NA
15,1,7,13,NA,NA
16,1,7,13,NA,NA
17,1,7,13,NA,NA
18,1,6,7,NA,NA
19,1,6,7,NA,NA
20,1,6,7,NA,NA
21,1,6,7,NA,NA
22,1,4,6,NA,NA
23,23,NA,NA,NA,NA
24,24,NA,NA,NA,NA
25,7,23,24,58,NA
26,6,23,24,NA,NA
27,6,23,24,NA,NA
28,6,23,24,NA,NA
29,6,23,24,NA,NA
30,30,NA,NA,NA,NA
31,7,24,30,58,NA
32,7,24,30,NA,NA
33,7,24,30,NA,NA
34,7,24,30,NA,NA
35,7,24,30,NA,NA
36,6,7,24,NA,NA
37,6,7,24,NA,NA
38,6,23,24,NA,NA
39,6,23,24,NA,NA
40,6,23,24,NA,NA
41,41,NA,NA,NA,NA
42,13,30,41,NA,NA
43,13,30,41,NA,NA
44,13,30,41,NA,NA
45,13,30,41,NA,NA
46,7,13,30,NA,NA
47,7,13,30,NA,NA
48,7,24,30,NA,NA
49,7,24,30,NA,NA
50,7,24,30,NA,NA
51,7,24,30,NA,NA
52,6,7,24,NA,NA
53,6,7,24,NA,NA
54,6,7,24,NA,NA
55,6,7,24,NA,NA
56,56,NA,NA,NA,NA
57,57,NA,NA,NA,NA
58,58,NA,NA,NA,NA
59,23,56,58,NA,NA
60,23,56,58,NA,NA
61,23,56,58,NA,NA
62,23,56,58,NA,NA
63,63,NA,NA,NA,NA
64,24,57,58,63,NA
65,24,30,58,63,NA
66,24,57,63,NA,NA
67,24,57,63,NA,NA
68,24,57,58,NA,NA
69,23,24,58,NA,NA
70,23,24,58,NA,NA
71,23,56,58,NA,NA
72,23,56,58,NA,NA
73,73,NA,NA,NA,NA
74,30,63,73,NA,NA
75,30,63,73,NA,NA
76,30,63,73,NA,NA
77,30,63,73,NA,NA
78,30,63,73,NA,NA
79,24,30,63,NA,NA
80,24,30,63,NA,NA
81,24,57,63,NA,NA
82,24,57,63,NA,NA
83,24,57,63,NA,NA
84,23,24,58,NA,NA
85,23,24,58,NA,NA
86,23,24,58,NA,NA
87,23,24,58,NA,NA
88,73,88,NA,NA,NA
89,41,73,88,NA,NA
90,41,73,88,NA,NA
91,41,73,88,NA,NA
92,30,41,73,NA,NA
93,30,73,NA,NA,NA
94,30,63,73,NA,NA
95,30,63,73,NA,NA
96,30,63,73,NA,NA
97,24,30,63,NA,NA
98,24,30,63,NA,NA
99,24,30,63,NA,NA
100,24,30,63,NA,NA
101,24,57,63,NA,NA
102,24,57,58,NA,NA
103,23,24,58,NA,NA
104,23,24,58,NA,NA
105,23,24,58,NA,NA
106,106,NA,NA,NA,NA
107,56,58,106,175,NA
108,56,58,106,175,NA
109,56,106,175,NA,NA
110,56,175,263,NA,NA
111,111,NA,NA,NA,NA
112,58,111,121,179,NA
113,58,106,111,175,NA
114,58,106,111,NA,NA
115,58,106,111,NA,NA
116,58,106,111,NA,NA
117,56,58,106,NA,NA
118,56,58,106,NA,NA
119,56,106,NA,NA,NA
120,56,106,175,NA,NA
121,121,NA,NA,NA,NA
122,73,111,188,NA,NA
123,73,111,188,NA,NA
124,73,111,188,NA,NA
125,63,73,111,NA,NA
126,57,58,63,111,NA
127,57,63,111,NA,NA
128,57,58,111,NA,NA
129,58,106,111,NA,NA
130,58,106,111,NA,NA
131,58,106,111,NA,NA
132,56,58,106,NA,NA
133,56,58,106,NA,NA
134,56,58,106,NA,NA
135,73,153,301,NA,NA
136,73,153,301,NA,NA
137,73,188,301,NA,NA
138,73,188,301,NA,NA
139,73,188,301,NA,NA
140,73,111,188,NA,NA
141,73,111,188,NA,NA
142,63,73,111,NA,NA
143,63,73,111,NA,NA
144,57,63,111,NA,NA
145,57,63,111,NA,NA
146,57,63,111,NA,NA
147,57,63,111,NA,NA
148,57,63,111,NA,NA
149,57,58,111,NA,NA
150,58,106,NA,NA,NA
151,56,58,106,NA,NA
152,23,56,58,NA,NA
153,153,NA,NA,NA,NA
154,154,NA,NA,NA,NA
155,155,NA,NA,NA,NA
156,73,153,301,NA,NA
157,73,153,301,NA,NA
158,73,153,301,NA,NA
159,73,153,301,NA,NA
160,73,188,301,NA,NA
161,73,188,301,NA,NA
162,73,111,188,NA,NA
163,63,73,111,NA,NA
164,63,73,111,NA,NA
165,63,73,111,NA,NA
166,63,73,111,NA,NA
167,57,63,111,NA,NA
168,57,63,111,NA,NA
169,24,57,63,NA,NA
170,24,57,63,NA,NA
171,24,57,63,NA,NA
172,24,57,58,NA,NA
173,23,24,58,NA,NA
174,23,58,NA,NA,NA
175,57,58,175,263,371
176,56,175,263,NA,NA
177,56,175,263,NA,NA
178,56,264,370,NA,NA
179,179,NA,NA,NA,NA
180,106,175,179,NA,NA
181,106,175,179,NA,NA
182,106,175,179,NA,NA
183,106,175,179,NA,NA
184,106,175,179,NA,NA
185,56,106,175,NA,NA
186,56,175,263,NA,NA
187,56,175,263,NA,NA
188,188,NA,NA,NA,NA
189,111,179,188,NA,NA
190,111,179,188,NA,NA
191,111,179,188,NA,NA
192,111,179,188,NA,NA
193,106,111,179,NA,NA
194,106,111,179,NA,NA
195,106,179,NA,NA,NA
196,106,175,179,NA,NA
197,106,175,179,NA,NA
198,56,106,175,NA,NA
199,56,106,175,NA,NA
200,56,106,175,NA,NA
201,201,NA,NA,NA,NA
202,73,188,301,NA,NA
203,73,188,301,NA,NA
204,73,188,301,NA,NA
205,73,188,301,NA,NA
206,73,111,188,NA,NA
207,73,111,188,NA,NA
208,111,179,188,NA,NA
209,111,179,188,NA,NA
210,106,111,179,NA,NA
211,106,111,179,NA,NA
212,106,111,179,NA,NA
213,106,111,179,NA,NA
214,106,111,179,NA,NA
215,106,NA,NA,NA,NA
216,56,106,175,NA,NA
217,56,106,175,NA,NA
218,73,153,301,NA,NA
219,73,153,301,NA,NA
220,73,153,301,NA,NA
221,73,188,301,NA,NA
222,73,188,301,NA,NA
223,73,188,301,NA,NA
224,73,188,301,NA,NA
225,73,188,301,NA,NA
226,73,188,301,NA,NA
227,73,111,188,NA,NA
228,73,111,188,NA,NA
229,73,111,188,NA,NA
230,73,111,188,NA,NA
231,106,111,NA,NA,NA
232,58,106,111,NA,NA
233,58,106,111,NA,NA
234,58,106,111,NA,NA
235,58,106,111,NA,NA
236,58,106,111,NA,NA
237,56,58,106,NA,NA
238,56,58,106,NA,NA
239,239,NA,NA,NA,NA
240,155,239,322,NA,NA
241,88,153,239,322,NA
242,88,153,301,322,NA
243,73,153,301,NA,NA
244,73,153,301,NA,NA
245,73,153,301,NA,NA
246,73,188,301,NA,NA
247,73,188,301,NA,NA
248,73,188,301,NA,NA
249,73,188,301,NA,NA
250,73,188,301,NA,NA
251,73,111,188,NA,NA
252,73,111,188,NA,NA
253,73,111,188,NA,NA
254,63,73,111,NA,NA
255,57,63,111,NA,NA
256,57,63,111,NA,NA
257,57,58,111,NA,NA
258,58,106,111,NA,NA
259,58,106,111,NA,NA
260,58,106,111,NA,NA
261,58,106,111,NA,NA
262,56,58,106,NA,NA
263,57,106,175,263,371
264,264,NA,NA,NA,NA
265,265,NA,NA,NA,NA
266,175,179,371,NA,NA
267,175,179,371,NA,NA
268,175,179,371,NA,NA
269,175,263,371,NA,NA
270,175,263,371,NA,NA
271,56,175,263,NA,NA
272,56,263,264,NA,NA
273,188,201,301,371,NA
274,175,201,371,636,NA
275,179,188,371,NA,NA
276,179,188,371,NA,NA
277,179,188,371,NA,NA
278,175,179,371,NA,NA
279,175,179,371,NA,NA
280,175,179,371,NA,NA
281,175,179,371,NA,NA
282,175,263,371,NA,NA
283,56,175,263,NA,NA
284,56,175,263,NA,NA
285,188,301,371,NA,NA
286,188,301,371,NA,NA
287,188,301,371,NA,NA
288,188,201,301,371,NA
289,188,301,371,NA,NA
290,188,301,371,NA,NA
291,179,188,371,NA,NA
292,179,188,371,NA,NA
293,179,188,371,NA,NA
294,175,179,371,NA,NA
295,175,179,371,NA,NA
296,175,179,371,NA,NA
297,175,179,371,NA,NA
298,106,175,179,NA,NA
299,56,106,175,NA,NA
300,56,175,263,NA,NA
301,301,659,NA,NA,NA
302,188,301,371,NA,NA
303,188,201,301,371,NA
304,188,301,371,NA,NA
305,188,301,371,NA,NA
306,188,301,371,NA,NA
307,188,301,371,NA,NA
308,188,301,371,NA,NA
309,188,301,371,NA,NA
310,188,301,371,NA,NA
311,179,188,371,NA,NA
312,179,188,371,NA,NA
313,179,188,371,NA,NA
314,111,179,188,NA,NA
315,106,175,179,NA,NA
316,106,175,179,NA,NA
317,106,175,179,NA,NA
318,106,175,179,NA,NA
319,106,175,179,NA,NA
320,106,175,179,NA,NA
321,56,106,175,NA,NA
322,322,NA,NA,NA,NA
323,153,301,322,423,NA
324,88,153,301,322,NA
325,73,153,301,NA,NA
326,73,153,301,NA,NA
327,73,188,301,NA,NA
328,73,188,301,NA,NA
329,73,188,301,NA,NA
330,73,188,301,NA,NA
331,73,188,301,NA,NA
332,73,188,301,NA,NA
333,73,188,301,NA,NA
334,73,188,301,NA,NA
335,111,179,188,NA,NA
336,111,179,188,NA,NA
337,111,179,188,NA,NA
338,111,179,188,NA,NA
339,106,111,179,NA,NA
340,106,111,179,NA,NA
341,106,111,179,NA,NA
342,106,175,179,NA,NA
343,106,175,179,NA,NA
344,106,175,179,NA,NA
345,56,106,175,NA,NA
346,239,322,346,NA,NA
347,153,322,423,NA,NA
348,153,301,423,NA,NA
349,73,153,301,NA,NA
350,73,153,301,NA,NA
351,73,153,301,NA,NA
352,73,188,301,NA,NA
353,73,188,301,NA,NA
354,73,188,301,NA,NA
355,73,188,301,NA,NA
356,73,188,301,NA,NA
357,73,188,301,NA,NA
358,73,188,301,NA,NA
359,73,111,188,NA,NA
360,73,111,188,NA,NA
361,111,179,188,NA,NA
362,111,179,188,NA,NA
363,106,111,179,NA,NA
364,106,111,179,NA,NA
365,106,111,179,NA,NA
366,106,111,179,NA,NA
367,106,111,179,NA,NA
368,106,111,179,NA,NA
369,58,106,111,NA,NA
370,6,370,635,793,NA
371,371,NA,NA,NA,NA
372,263,370,371,NA,NA
373,263,370,371,NA,NA
374,263,370,371,635,NA
375,263,370,371,NA,NA
376,263,370,371,635,NA
377,263,264,265,370,NA
378,301,371,659,NA,NA
379,301,371,659,NA,NA
380,188,301,371,NA,NA
381,188,301,371,NA,NA
382,179,188,371,NA,NA
383,175,179,371,NA,NA
384,175,263,371,NA,NA
385,175,263,371,NA,NA
386,263,370,371,NA,NA
387,263,370,371,NA,NA
388,263,264,370,NA,NA
389,301,371,659,NA,NA
390,301,371,659,NA,NA
391,301,371,404,509,NA
392,301,371,659,NA,NA
393,188,301,371,NA,NA
394,188,301,371,NA,NA
395,188,301,371,NA,NA
396,179,188,371,NA,NA
397,179,188,371,NA,NA
398,175,179,371,NA,NA
399,175,179,371,NA,NA
400,175,179,371,NA,NA
401,175,263,371,NA,NA
402,175,263,371,NA,NA
403,175,263,371,NA,NA
404,301,404,676,NA,NA
405,301,371,659,NA,NA
406,301,371,659,NA,NA
407,301,371,659,NA,NA
408,301,371,659,NA,NA
409,188,301,371,NA,NA
410,188,301,371,NA,NA
411,188,301,371,NA,NA
412,188,301,371,NA,NA
413,188,301,371,NA,NA
414,188,301,371,NA,NA
415,179,188,371,NA,NA
416,179,188,371,NA,NA
417,175,179,371,NA,NA
418,175,179,371,NA,NA
419,175,179,371,NA,NA
420,175,179,371,NA,NA
421,175,263,371,NA,NA
422,175,263,371,NA,NA
423,423,NA,NA,NA,NA
424,301,423,659,NA,NA
425,301,423,659,NA,NA
426,301,423,659,NA,NA
427,301,371,659,NA,NA
428,301,371,659,NA,NA
429,301,371,659,NA,NA
430,301,371,659,NA,NA
431,188,301,371,NA,NA
432,188,301,371,NA,NA
433,188,301,371,NA,NA
434,188,301,371,NA,NA
435,188,301,371,NA,NA
436,188,301,371,NA,NA
437,188,301,371,NA,NA
438,179,188,371,NA,NA
439,179,188,371,NA,NA
440,179,188,371,NA,NA
441,175,179,371,NA,NA
442,175,179,371,NA,NA
443,175,179,371,NA,NA
444,175,179,371,NA,NA
445,175,179,371,NA,NA
446,175,179,371,NA,NA
447,447,NA,NA,NA,NA
448,153,301,423,NA,NA
449,301,423,659,NA,NA
450,301,423,659,NA,NA
451,301,371,659,NA,NA
452,301,371,659,NA,NA
453,188,301,371,NA,NA
454,188,301,371,NA,NA
455,188,301,371,NA,NA
456,188,301,371,NA,NA
457,188,301,371,NA,NA
458,188,301,371,NA,NA
459,188,301,371,NA,NA
460,188,301,371,NA,NA
461,188,301,371,NA,NA
462,179,188,371,NA,NA
463,179,188,371,NA,NA
464,179,188,371,NA,NA
465,175,179,371,NA,NA
466,175,179,371,NA,NA
467,175,179,371,NA,NA
468,175,179,371,NA,NA
469,106,175,179,NA,NA
470,106,175,179,NA,NA
471,471,NA,NA,NA,NA
472,153,301,423,NA,NA
473,153,301,423,NA,NA
474,153,301,423,NA,NA
475,73,188,301,NA,NA
476,188,301,371,NA,NA
477,188,301,371,NA,NA
478,188,301,371,NA,NA
479,188,301,371,NA,NA
480,188,301,371,NA,NA
481,188,301,371,NA,NA
482,188,301,371,NA,NA
483,188,301,371,NA,NA
484,188,301,371,NA,NA
485,179,188,371,NA,NA
486,179,188,371,NA,NA
487,179,188,371,NA,NA
488,111,179,188,NA,NA
489,106,111,179,NA,NA
490,106,175,179,NA,NA
491,106,175,179,NA,NA
492,106,175,179,NA,NA
493,106,175,179,NA,NA
494,106,175,179,NA,NA
495,370,371,635,NA,NA
496,263,371,635,636,NA
497,370,371,635,NA,NA
498,263,370,635,636,NA
499,370,635,793,NA,NA
500,201,371,636,800,NA
501,371,635,659,NA,NA
502,201,371,636,800,NA
503,371,635,659,NA,NA
504,370,371,635,NA,NA
505,370,371,635,NA,NA
506,370,371,635,NA,NA
507,370,371,635,NA,NA
508,263,370,635,636,NA
509,301,371,509,800,NA
510,301,371,509,659,NA
511,201,371,509,800,NA
512,301,371,659,NA,NA
513,301,371,659,NA,NA
514,301,371,659,NA,NA
515,371,635,659,NA,NA
516,371,635,659,NA,NA
517,371,635,659,NA,NA
518,370,371,635,NA,NA
519,370,371,635,NA,NA
520,263,370,371,NA,NA
521,263,370,371,NA,NA
522,263,370,371,NA,NA
523,523,NA,NA,NA,NA
524,301,371,659,NA,NA
525,301,371,659,NA,NA
526,301,371,659,NA,NA
527,301,371,659,NA,NA
528,301,371,659,NA,NA
529,301,371,659,NA,NA
530,301,371,659,NA,NA
531,531,NA,NA,NA,NA
532,301,371,659,NA,NA
533,301,371,659,NA,NA
534,188,301,371,NA,NA
535,188,301,371,NA,NA
536,175,179,371,NA,NA
537,175,263,371,NA,NA
538,263,370,371,NA,NA
539,263,370,371,NA,NA
540,263,370,371,NA,NA
541,423,523,659,676,NA
542,423,523,659,676,NA
543,301,423,659,NA,NA
544,301,423,659,NA,NA
545,301,371,659,NA,NA
546,301,371,659,NA,NA
547,301,371,659,NA,NA
548,301,371,659,NA,NA
549,301,371,659,NA,NA
550,301,371,659,NA,NA
551,301,371,659,NA,NA
552,301,371,659,NA,NA
553,301,371,659,NA,NA
554,188,301,371,NA,NA
555,188,301,371,NA,NA
556,188,301,371,NA,NA
557,179,188,371,NA,NA
558,175,179,371,NA,NA
559,175,179,371,NA,NA
560,175,263,371,NA,NA
561,175,263,371,NA,NA
562,175,263,371,NA,NA
563,563,NA,NA,NA,NA
564,423,659,676,845,NA
565,301,423,659,NA,NA
566,301,423,659,NA,NA
567,301,423,659,NA,NA
568,301,371,659,NA,NA
569,301,371,659,NA,NA
570,301,371,659,NA,NA
571,301,371,659,NA,NA
572,301,371,659,NA,NA
573,301,371,659,NA,NA
574,301,371,659,NA,NA
575,301,371,659,NA,NA
576,188,301,371,NA,NA
577,188,301,371,NA,NA
578,188,301,371,NA,NA
579,188,301,371,NA,NA
580,179,188,371,NA,NA
581,179,188,371,NA,NA
582,175,179,371,NA,NA
583,175,179,371,NA,NA
584,175,179,371,NA,NA
585,175,179,371,NA,NA
586,175,263,371,NA,NA
587,587,NA,NA,NA,NA
588,301,423,659,NA,NA
589,301,423,659,NA,NA
590,301,423,659,NA,NA
591,301,423,659,NA,NA
592,301,371,659,NA,NA
593,301,371,659,NA,NA
594,301,371,659,NA,NA
595,301,371,659,NA,NA
596,301,371,659,NA,NA
597,188,301,371,NA,NA
598,188,301,371,NA,NA
599,188,301,371,NA,NA
600,188,301,371,NA,NA
601,188,301,371,NA,NA
602,188,301,371,NA,NA
603,188,301,371,NA,NA
604,179,188,371,NA,NA
605,179,188,371,NA,NA
606,175,179,371,NA,NA
607,175,179,371,NA,NA
608,175,179,371,NA,NA
609,175,179,371,NA,NA
610,175,179,371,NA,NA
611,346,471,769,941,NA
612,301,423,659,NA,NA
613,301,423,659,NA,NA
614,301,423,659,NA,NA
615,301,423,659,NA,NA
616,301,371,659,NA,NA
617,301,371,659,NA,NA
618,301,371,659,NA,NA
619,188,301,371,NA,NA
620,188,301,371,NA,NA
621,188,301,371,NA,NA
622,188,301,371,NA,NA
623,188,301,371,NA,NA
624,188,301,371,NA,NA
625,188,301,371,NA,NA
626,188,301,371,NA,NA
627,179,188,371,NA,NA
628,179,188,371,NA,NA
629,179,188,371,NA,NA
630,179,188,371,NA,NA
631,175,179,371,NA,NA
632,175,179,371,NA,NA
633,175,179,371,NA,NA
634,175,179,371,NA,NA
635,1,635,NA,NA,NA
636,635,636,800,1351,NA
637,370,635,793,NA,NA
638,370,635,793,NA,NA
639,371,635,636,800,NA
640,371,635,659,800,NA
641,371,635,659,NA,NA
642,371,635,659,800,NA
643,370,371,635,NA,NA
644,370,371,635,NA,NA
645,370,635,793,NA,NA
646,370,635,793,NA,NA
647,371,635,659,800,NA
648,371,635,659,NA,NA
649,371,635,659,NA,NA
650,371,635,659,NA,NA
651,371,635,659,NA,NA
652,371,635,659,NA,NA
653,371,635,659,NA,NA
654,371,635,659,NA,NA
655,370,371,635,NA,NA
656,370,371,635,NA,NA
657,370,371,635,NA,NA
658,370,371,635,NA,NA
659,659,NA,NA,NA,NA
660,371,635,659,NA,NA
661,371,509,659,800,NA
662,371,635,659,NA,NA
663,371,635,659,NA,NA
664,371,635,659,NA,NA
665,371,635,659,NA,NA
666,371,635,659,NA,NA
667,371,635,659,NA,NA
668,371,635,659,NA,NA
669,371,635,659,NA,NA
670,371,635,659,NA,NA
671,371,635,659,NA,NA
672,370,371,635,NA,NA
673,370,371,635,NA,NA
674,370,371,635,NA,NA
675,370,371,635,NA,NA
676,676,NA,NA,NA,NA
677,423,659,845,NA,NA
678,423,659,845,NA,NA
679,301,423,659,NA,NA
680,301,371,659,NA,NA
681,301,371,659,NA,NA
682,301,371,659,NA,NA
683,301,371,659,NA,NA
684,301,371,659,NA,NA
685,301,371,659,NA,NA
686,301,371,659,NA,NA
687,301,371,659,NA,NA
688,371,635,659,NA,NA
689,371,635,659,NA,NA
690,371,635,659,NA,NA
691,371,635,659,NA,NA
692,371,635,659,NA,NA
693,370,371,635,NA,NA
694,370,371,635,NA,NA
695,370,371,635,NA,NA
696,370,371,635,NA,NA
697,697,NA,NA,NA,NA
698,423,659,676,845,NA
699,423,659,845,NA,NA
700,201,423,676,NA,NA
701,423,659,845,NA,NA
702,301,423,659,NA,NA
703,301,423,659,NA,NA
704,301,371,659,NA,NA
705,301,371,659,NA,NA
706,301,371,659,NA,NA
707,301,371,659,NA,NA
708,301,371,659,NA,NA
709,301,371,659,NA,NA
710,301,371,659,NA,NA
711,301,371,659,NA,NA
712,301,371,659,NA,NA
713,301,371,659,NA,NA
714,301,371,659,NA,NA
715,301,371,659,NA,NA
716,301,371,659,NA,NA
717,175,179,371,NA,NA
718,263,370,371,NA,NA
719,263,370,371,NA,NA
720,263,370,371,NA,NA
721,721,NA,NA,NA,NA
722,423,659,845,NA,NA
723,423,659,845,NA,NA
724,423,659,845,NA,NA
725,301,423,659,NA,NA
726,301,423,659,NA,NA
727,301,371,659,NA,NA
728,301,371,659,NA,NA
729,301,371,659,NA,NA
730,301,371,659,NA,NA
731,301,371,659,NA,NA
732,301,371,659,NA,NA
733,301,371,659,NA,NA
734,301,371,659,NA,NA
735,301,371,659,NA,NA
736,301,371,659,NA,NA
737,301,371,659,NA,NA
738,188,301,371,NA,NA
739,188,301,371,NA,NA
740,188,301,371,NA,NA
741,175,179,371,NA,NA
742,175,179,371,NA,NA
743,175,263,371,NA,NA
744,175,263,371,NA,NA
745,745,NA,NA,NA,NA
746,423,659,845,NA,NA
747,423,659,845,NA,NA
748,301,423,659,NA,NA
749,301,423,659,NA,NA
750,301,423,659,NA,NA
751,301,371,659,NA,NA
752,301,371,659,NA,NA
753,301,371,659,NA,NA
754,301,371,659,NA,NA
755,301,371,659,NA,NA
756,301,371,659,NA,NA
757,301,371,659,NA,NA
758,301,371,659,NA,NA
759,301,371,659,NA,NA
760,188,301,371,NA,NA
761,188,301,371,NA,NA
762,188,301,371,NA,NA
763,188,301,371,NA,NA
764,179,188,371,NA,NA
765,179,188,371,NA,NA
766,175,179,371,NA,NA
767,175,179,371,NA,NA
768,175,179,371,NA,NA
769,769,NA,NA,NA,NA
770,423,659,845,NA,NA
771,301,423,659,NA,NA
772,301,423,659,NA,NA
773,301,423,659,NA,NA
774,301,423,659,NA,NA
775,301,371,659,NA,NA
776,301,371,659,NA,NA
777,301,371,659,NA,NA
778,301,371,659,NA,NA
779,301,371,659,NA,NA
780,301,371,659,NA,NA
781,301,371,659,NA,NA
782,188,301,371,NA,NA
783,188,301,371,NA,NA
784,188,301,371,NA,NA
785,188,301,371,NA,NA
786,188,301,371,NA,NA
787,179,188,371,NA,NA
788,179,188,371,NA,NA
789,179,188,371,NA,NA
790,175,179,371,NA,NA
791,175,179,371,NA,NA
792,175,179,371,NA,NA
793,635,793,1793,NA,NA
794,635,800,1153,NA,NA
795,635,800,1153,1351,NA
796,635,1153,1565,NA,NA
797,797,NA,NA,NA,NA
798,635,636,793,1793,NA
799,370,635,793,NA,NA
800,800,NA,NA,NA,NA
801,635,800,1153,NA,NA
802,635,800,1153,NA,NA
803,635,800,1153,NA,NA
804,635,800,1153,NA,NA
805,635,800,1153,NA,NA
806,635,800,1153,NA,NA
807,635,800,1153,NA,NA
808,635,800,1153,NA,NA
809,370,635,793,NA,NA
810,370,635,793,NA,NA
811,659,800,845,NA,NA
812,659,800,845,NA,NA
813,659,800,845,NA,NA
814,635,659,800,NA,NA
815,635,659,800,NA,NA
816,635,659,800,NA,NA
817,635,659,800,NA,NA
818,635,659,800,NA,NA
819,635,659,800,NA,NA
820,371,635,659,NA,NA
821,371,635,659,NA,NA
822,371,635,659,NA,NA
823,371,635,659,NA,NA
824,370,371,635,NA,NA
825,370,371,635,NA,NA
826,659,800,845,NA,NA
827,659,800,845,NA,NA
828,659,800,845,NA,NA
829,659,800,845,NA,NA
830,659,800,845,NA,NA
831,635,659,800,NA,NA
832,635,659,800,NA,NA
833,635,659,800,NA,NA
834,635,659,800,NA,NA
835,371,635,659,NA,NA
836,371,635,659,NA,NA
837,371,635,659,NA,NA
838,371,635,659,NA,NA
839,371,635,659,NA,NA
840,371,635,659,NA,NA
841,371,635,659,NA,NA
842,371,635,659,NA,NA
843,370,371,635,NA,NA
844,370,371,635,NA,NA
845,845,NA,NA,NA,NA
846,846,NA,NA,NA,NA
847,659,800,845,NA,NA
848,659,800,845,NA,NA
849,659,676,800,845,NA
850,659,800,845,NA,NA
851,659,800,845,NA,NA
852,659,800,845,NA,NA
853,635,659,800,NA,NA
854,371,635,659,NA,NA
855,371,635,659,NA,NA
856,371,635,659,NA,NA
857,371,635,659,NA,NA
858,371,635,659,NA,NA
859,371,635,659,NA,NA
860,371,635,659,NA,NA
861,371,635,659,NA,NA
862,371,635,659,NA,NA
863,371,635,659,NA,NA
864,371,635,659,NA,NA
865,371,635,659,NA,NA
866,371,635,659,NA,NA
867,370,371,635,NA,NA
868,370,371,635,NA,NA
869,869,NA,NA,NA,NA
870,423,659,845,NA,NA
871,423,659,845,NA,NA
872,423,659,845,NA,NA
873,423,659,845,NA,NA
874,423,659,845,NA,NA
875,423,659,845,NA,NA
876,301,423,659,NA,NA
877,301,371,659,NA,NA
878,301,371,659,NA,NA
879,301,371,659,NA,NA
880,301,371,659,NA,NA
881,301,371,659,NA,NA
882,371,635,659,NA,NA
883,371,635,659,NA,NA
884,371,635,659,NA,NA
885,371,635,659,NA,NA
886,371,635,659,NA,NA
887,371,635,659,NA,NA
888,371,635,659,NA,NA
889,371,635,659,NA,NA
890,371,635,659,NA,NA
891,370,371,635,NA,NA
892,370,371,635,NA,NA
893,893,NA,NA,NA,NA
894,423,659,845,NA,NA
895,423,659,845,NA,NA
896,423,659,845,NA,NA
897,423,659,845,NA,NA
898,423,659,845,NA,NA
899,301,423,659,NA,NA
900,301,371,659,NA,NA
901,301,371,659,NA,NA
902,301,371,659,NA,NA
903,301,371,659,NA,NA
904,301,371,659,NA,NA
905,301,371,659,NA,NA
906,301,371,659,NA,NA
907,301,371,659,NA,NA
908,301,371,659,NA,NA
909,301,371,659,NA,NA
910,301,371,659,NA,NA
911,301,371,659,NA,NA
912,301,371,659,NA,NA
913,301,371,659,NA,NA
914,371,635,659,NA,NA
915,370,371,635,NA,NA
916,263,370,371,NA,NA
917,471,769,893,941,1255
918,423,659,845,NA,NA
919,423,659,845,NA,NA
920,423,659,845,NA,NA
921,423,659,845,NA,NA
922,301,423,659,NA,NA
923,301,423,659,NA,NA
924,301,371,659,NA,NA
925,301,371,659,NA,NA
926,301,371,659,NA,NA
927,301,371,659,NA,NA
928,301,371,659,NA,NA
929,301,371,659,NA,NA
930,301,371,659,NA,NA
931,301,371,659,NA,NA
932,301,371,659,NA,NA
933,301,371,659,NA,NA
934,301,371,659,NA,NA
935,301,371,659,NA,NA
936,301,371,659,NA,NA
937,188,301,371,NA,NA
938,179,188,371,NA,NA
939,175,179,371,NA,NA
940,175,263,371,NA,NA
941,941,NA,NA,NA,NA
942,423,659,845,NA,NA
943,423,659,845,NA,NA
944,423,659,845,NA,NA
945,301,423,659,NA,NA
946,301,423,659,NA,NA
947,301,423,659,NA,NA
948,301,371,659,NA,NA
949,301,371,659,NA,NA
950,301,371,659,NA,NA
951,301,371,659,NA,NA
952,301,371,659,NA,NA
953,301,371,659,NA,NA
954,301,371,659,NA,NA
955,301,371,659,NA,NA
956,301,371,659,NA,NA
957,301,371,659,NA,NA
958,188,301,371,NA,NA
959,188,301,371,NA,NA
960,188,301,371,NA,NA
961,188,301,371,NA,NA
962,179,188,371,NA,NA
963,175,179,371,NA,NA
964,175,179,371,NA,NA
965,635,1153,1351,1565,NA
966,635,1565,1793,NA,NA
967,967,NA,NA,NA,NA
968,968,NA,NA,NA,NA
969,800,1153,1351,NA,NA
970,635,800,1153,NA,NA
971,635,800,1153,NA,NA
972,635,800,1153,NA,NA
973,635,800,1153,1351,NA
974,635,1153,1351,1565,NA
975,635,1153,1565,NA,NA
976,976,NA,NA,NA,NA
977,977,NA,NA,NA,NA
978,800,1171,1356,NA,NA
979,800,1171,1356,NA,NA
980,800,1171,1356,NA,NA
981,800,1153,1356,NA,NA
982,635,800,1153,NA,NA
983,635,800,1153,NA,NA
984,635,800,1153,NA,NA
985,635,800,1153,NA,NA
986,635,800,1153,NA,NA
987,635,800,1153,NA,NA
988,635,1153,1565,NA,NA
989,635,1565,1793,NA,NA
990,990,NA,NA,NA,NA
991,991,NA,NA,NA,NA
992,800,991,1171,NA,NA
993,800,991,1171,NA,NA
994,800,991,1171,NA,NA
995,800,991,1171,NA,NA
996,800,991,1171,NA,NA
997,800,991,1171,NA,NA
998,800,991,1171,NA,NA
999,635,800,1153,NA,NA
1000,635,800,1153,NA,NA
1001,635,800,1153,NA,NA
1002,635,800,1153,NA,NA
1003,635,800,1153,NA,NA
1004,635,800,1153,NA,NA
1005,635,800,1153,NA,NA
1006,635,800,1153,NA,NA
1007,635,800,1153,NA,NA
1008,370,635,793,NA,NA
1009,1009,NA,NA,NA,NA
1010,845,991,1171,1187,NA
1011,845,991,1171,NA,NA
1012,800,845,991,NA,NA
1013,800,845,991,NA,NA
1014,800,845,991,NA,NA
1015,800,845,991,NA,NA
1016,800,845,991,NA,NA
1017,659,800,845,NA,NA
1018,659,800,845,NA,NA
1019,659,800,845,NA,NA
1020,635,659,800,NA,NA
1021,635,659,800,NA,NA
1022,635,659,800,NA,NA
1023,635,659,800,NA,NA
1024,635,659,800,NA,NA
1025,635,659,800,NA,NA
1026,635,659,800,NA,NA
1027,371,635,659,NA,NA
1028,371,635,659,NA,NA
1029,371,635,659,NA,NA
1030,370,371,635,NA,NA
1031,1031,NA,NA,NA,NA
1032,845,846,1009,1207,NA
1033,845,991,1171,NA,NA
1034,800,845,991,NA,NA
1035,800,845,991,NA,NA
1036,800,845,991,NA,NA
1037,659,800,845,NA,NA
1038,659,800,845,NA,NA
1039,659,800,845,NA,NA
1040,659,800,845,NA,NA
1041,659,800,845,NA,NA
1042,635,659,800,NA,NA
1043,635,659,800,NA,NA
1044,635,659,800,NA,NA
1045,635,659,800,NA,NA
1046,371,635,659,NA,NA
1047,371,635,659,NA,NA
1048,371,635,659,NA,NA
1049,371,635,659,NA,NA
1050,371,635,659,NA,NA
1051,371,635,659,NA,NA
1052,371,635,659,NA,NA
1053,371,635,659,NA,NA
1054,370,371,635,NA,NA
1055,1055,NA,NA,NA,NA
1056,800,845,991,NA,NA
1057,659,800,845,NA,NA
1058,659,800,845,NA,NA
1059,659,800,845,NA,NA
1060,659,800,845,NA,NA
1061,659,800,845,NA,NA
1062,659,800,845,NA,NA
1063,659,800,845,NA,NA
1064,635,659,800,NA,NA
1065,635,659,800,NA,NA
1066,371,635,659,NA,NA
1067,371,635,659,NA,NA
1068,371,635,659,NA,NA
1069,371,635,659,NA,NA
1070,371,635,659,NA,NA
1071,371,635,659,NA,NA
1072,371,635,659,NA,NA
1073,371,635,659,NA,NA
1074,371,635,659,NA,NA
1075,371,635,659,NA,NA
1076,371,635,659,NA,NA
1077,371,635,659,NA,NA
1078,370,371,635,NA,NA
1079,1079,NA,NA,NA,NA
1080,423,659,845,NA,NA
1081,423,659,845,NA,NA
1082,423,659,845,NA,NA
1083,423,659,845,NA,NA
1084,423,659,845,NA,NA
1085,423,659,845,NA,NA
1086,423,659,845,NA,NA
1087,301,371,659,NA,NA
1088,301,371,659,NA,NA
1089,301,371,659,NA,NA
1090,301,371,659,NA,NA
1091,371,635,659,NA,NA
1092,371,635,659,NA,NA
1093,371,635,659,NA,NA
1094,371,635,659,NA,NA
1095,371,635,659,NA,NA
1096,371,635,659,NA,NA
1097,371,635,659,NA,NA
1098,371,635,659,NA,NA
1099,371,635,659,NA,NA
1100,371,635,659,NA,NA
1101,371,635,659,NA,NA
1102,370,371,635,NA,NA
1103,1103,NA,NA,NA,NA
1104,423,659,845,NA,NA
1105,423,659,845,NA,NA
1106,423,659,845,NA,NA
1107,423,659,845,NA,NA
1108,423,659,845,NA,NA
1109,423,659,845,NA,NA
1110,301,423,659,NA,NA
1111,301,371,659,NA,NA
1112,301,371,659,NA,NA
1113,301,371,659,NA,NA
1114,301,371,659,NA,NA
1115,301,371,659,NA,NA
1116,301,371,659,NA,NA
1117,301,371,659,NA,NA
1118,301,371,659,NA,NA
1119,301,371,659,NA,NA
1120,301,371,659,NA,NA
1121,301,371,659,NA,NA
1122,371,635,659,NA,NA
1123,371,635,659,NA,NA
1124,371,635,659,NA,NA
1125,371,635,659,NA,NA
1126,370,371,635,NA,NA
1127,941,1327,NA,NA,NA
1128,423,659,845,NA,NA
1129,423,659,845,NA,NA
1130,423,659,845,NA,NA
1131,423,659,845,NA,NA
1132,423,659,845,NA,NA
1133,301,423,659,NA,NA
1134,301,423,659,NA,NA
1135,301,371,659,NA,NA
1136,301,371,659,NA,NA
1137,301,371,659,NA,NA
1138,301,371,659,NA,NA
1139,301,371,659,NA,NA
1140,301,371,659,NA,NA
1141,301,371,659,NA,NA
1142,301,371,659,NA,NA
1143,301,371,659,NA,NA
1144,301,371,659,NA,NA
1145,301,371,659,NA,NA
1146,301,371,659,NA,NA
1147,301,371,659,NA,NA
1148,301,371,659,NA,NA
1149,188,301,371,NA,NA
1150,175,179,371,NA,NA
1151,1151,NA,NA,NA,NA
1152,1152,NA,NA,NA,NA
1153,800,1153,1356,NA,NA
1154,635,800,1153,1351,NA
1155,635,800,1153,1351,NA
1156,635,1153,1351,1565,NA
1157,635,1153,1565,NA,NA
1158,1158,NA,NA,NA,NA
1159,1159,NA,NA,NA,NA
1160,800,1171,1356,NA,NA
1161,800,1171,1356,2033,NA
1162,800,1153,1356,NA,NA
1163,800,1153,1356,NA,NA
1164,635,800,1153,NA,NA
1165,635,800,1153,NA,NA
1166,635,1153,1565,NA,NA
1167,635,1153,1565,NA,NA
1168,635,1153,1565,NA,NA
1169,635,1565,1793,NA,NA
1170,1170,NA,NA,NA,NA
1171,1171,NA,NA,NA,NA
1172,800,1171,1356,NA,NA
1173,800,1171,1356,NA,NA
1174,800,1171,1356,NA,NA
1175,800,1171,1356,NA,NA
1176,800,1171,1356,NA,NA
1177,800,1171,1356,NA,NA
1178,800,1153,1356,NA,NA
1179,635,800,1153,NA,NA
1180,635,800,1153,NA,NA
1181,635,800,1153,NA,NA
1182,635,800,1153,NA,NA
1183,635,800,1153,NA,NA
1184,635,1153,1565,NA,NA
1185,635,1153,1565,NA,NA
1186,1186,NA,NA,NA,NA
1187,1187,NA,NA,NA,NA
1188,845,1171,1187,1398,NA
1189,845,1171,1398,NA,NA
1190,845,991,1171,NA,NA
1191,800,991,1171,NA,NA
1192,800,991,1171,NA,NA
1193,800,991,1171,NA,NA
1194,800,991,1171,NA,NA
1195,800,1171,1356,NA,NA
1196,800,1171,1356,NA,NA
1197,800,1171,1356,NA,NA
1198,800,1153,1356,NA,NA
1199,635,800,1153,NA,NA
1200,635,800,1153,NA,NA
1201,635,800,1153,NA,NA
1202,635,800,1153,NA,NA
1203,635,800,1153,NA,NA
1204,635,800,1153,NA,NA
1205,635,800,1153,NA,NA
1206,635,1153,1565,NA,NA
1207,845,1207,NA,NA,NA
1208,845,1171,1398,NA,NA
1209,845,1171,1398,NA,NA
1210,845,1171,1398,NA,NA
1211,845,1171,1398,NA,NA
1212,845,1171,1398,NA,NA
1213,845,991,1171,NA,NA
1214,800,991,1171,NA,NA
1215,800,991,1171,NA,NA
1216,800,991,1171,NA,NA
1217,800,991,1171,NA,NA
1218,800,991,1171,NA,NA
1219,800,991,1171,NA,NA
1220,800,991,1171,NA,NA
1221,800,991,1171,NA,NA
1222,635,800,1153,NA,NA
1223,635,800,1153,NA,NA
1224,635,800,1153,NA,NA
1225,635,800,1153,NA,NA
1226,635,800,1153,NA,NA
1227,635,800,1153,NA,NA
1228,635,800,1153,NA,NA
1229,635,800,1153,NA,NA
1230,635,800,1153,NA,NA
1231,1231,NA,NA,NA,NA
1232,845,1171,1398,NA,NA
1233,845,1171,1398,NA,NA
1234,845,1171,1398,NA,NA
1235,845,991,1171,NA,NA
1236,800,845,991,NA,NA
1237,800,845,991,NA,NA
1238,800,845,991,NA,NA
1239,800,845,991,NA,NA
1240,800,845,991,NA,NA
1241,800,845,991,NA,NA
1242,659,800,845,NA,NA
1243,659,800,845,NA,NA
1244,659,800,845,NA,NA
1245,635,659,800,NA,NA
1246,635,659,800,NA,NA
1247,635,659,800,NA,NA
1248,635,659,800,NA,NA
1249,635,659,800,NA,NA
1250,635,659,800,NA,NA
1251,635,659,800,NA,NA
1252,371,635,659,NA,NA
1253,371,635,659,NA,NA
1254,371,635,659,NA,NA
1255,1255,NA,NA,NA,NA
1256,845,1171,1398,NA,NA
1257,845,1171,1398,NA,NA
1258,800,845,991,NA,NA
1259,800,845,991,NA,NA
1260,800,845,991,NA,NA
1261,800,845,991,NA,NA
1262,659,800,845,NA,NA
1263,659,800,845,NA,NA
1264,659,800,845,NA,NA
1265,659,800,845,NA,NA
1266,659,800,845,NA,NA
1267,635,659,800,NA,NA
1268,635,659,800,NA,NA
1269,635,659,800,NA,NA
1270,635,659,800,NA,NA
1271,635,659,800,NA,NA
1272,371,635,659,NA,NA
1273,371,635,659,NA,NA
1274,371,635,659,NA,NA
1275,371,635,659,NA,NA
1276,371,635,659,NA,NA
1277,371,635,659,NA,NA
1278,371,635,659,NA,NA
1279,471,941,1255,1493,NA
1280,845,991,1171,NA,NA
1281,800,845,991,NA,NA
1282,659,800,845,NA,NA
1283,659,800,845,NA,NA
1284,659,800,845,NA,NA
1285,659,800,845,NA,NA
1286,659,800,845,NA,NA
1287,659,800,845,NA,NA
1288,659,800,845,NA,NA
1289,635,659,800,NA,NA
1290,635,659,800,NA,NA
1291,635,659,800,NA,NA
1292,371,635,659,NA,NA
1293,371,635,659,NA,NA
1294,371,635,659,NA,NA
1295,371,635,659,NA,NA
1296,371,635,659,NA,NA
1297,371,635,659,NA,NA
1298,371,635,659,NA,NA
1299,371,635,659,NA,NA
1300,371,635,659,NA,NA
1301,371,635,659,NA,NA
1302,371,635,659,NA,NA
1303,769,1103,1255,1517,NA
1304,423,659,845,NA,NA
1305,423,659,845,NA,NA
1306,423,659,845,NA,NA
1307,423,659,845,NA,NA
1308,423,659,845,NA,NA
1309,423,659,845,NA,NA
1310,423,659,845,NA,NA
1311,423,659,845,NA,NA
1312,301,371,659,NA,NA
1313,301,371,659,NA,NA
1314,371,635,659,NA,NA
1315,371,635,659,NA,NA
1316,371,635,659,NA,NA
1317,371,635,659,NA,NA
1318,371,635,659,NA,NA
1319,371,635,659,NA,NA
1320,371,635,659,NA,NA
1321,371,635,659,NA,NA
1322,371,635,659,NA,NA
1323,371,635,659,NA,NA
1324,371,635,659,NA,NA
1325,371,635,659,NA,NA
1326,371,635,659,NA,NA
1327,1327,NA,NA,NA,NA
1328,423,659,845,NA,NA
1329,423,659,845,NA,NA
1330,423,659,845,NA,NA
1331,423,659,845,NA,NA
1332,423,659,845,NA,NA
1333,423,659,845,NA,NA
1334,423,659,845,NA,NA
1335,301,423,659,NA,NA
1336,301,371,659,NA,NA
1337,301,371,659,NA,NA
1338,301,371,659,NA,NA
1339,301,371,659,NA,NA
1340,301,371,659,NA,NA
1341,301,371,659,NA,NA
1342,301,371,659,NA,NA
1343,301,371,659,NA,NA
1344,301,371,659,NA,NA
1345,371,635,659,NA,NA
1346,371,635,659,NA,NA
1347,371,635,659,NA,NA
1348,371,635,659,NA,NA
1349,371,635,659,NA,NA
1350,371,635,659,NA,NA
1351,635,800,1153,1351,1356
1352,635,1153,1565,NA,NA
1353,635,1351,1565,2033,NA
1354,635,1565,1793,2033,NA
1355,1355,NA,NA,NA,NA
1356,1171,1356,1587,NA,NA
1357,1153,1356,1565,NA,NA
1358,800,1351,1356,2033,NA
1359,1153,1356,1565,NA,NA
1360,1153,1356,1565,NA,NA
1361,635,800,1153,1351,NA
1362,635,1153,1565,NA,NA
1363,635,1153,1565,NA,NA
1364,635,1565,1793,NA,NA
1365,1365,NA,NA,NA,NA
1366,800,1171,1356,1587,2044
1367,1171,1356,1587,NA,NA
1368,1171,1356,1587,NA,NA
1369,800,1171,1356,NA,NA
1370,800,1171,1356,NA,NA
1371,800,1153,1356,NA,NA
1372,800,1153,1356,NA,NA
1373,800,1153,1356,NA,NA
1374,635,800,1153,NA,NA
1375,635,1153,1565,NA,NA
1376,635,1153,1565,NA,NA
1377,635,1153,1565,NA,NA
1378,635,1153,1565,NA,NA
1379,635,1565,1793,NA,NA
1380,1171,1398,1587,NA,NA
1381,1171,1356,1587,1842,NA
1382,1171,1356,1587,1842,NA
1383,1171,1356,1587,NA,NA
1384,1171,1356,1587,NA,NA
1385,800,1171,1356,NA,NA
1386,800,1171,1356,NA,NA
1387,800,1171,1356,NA,NA
1388,800,1171,1356,NA,NA
1389,800,1153,1356,NA,NA
1390,800,1153,1356,NA,NA
1391,800,1153,1356,NA,NA
1392,635,800,1153,NA,NA
1393,635,800,1153,NA,NA
1394,635,800,1153,NA,NA
1395,635,1153,1565,NA,NA
1396,635,1153,1565,NA,NA
1397,635,1153,1565,NA,NA
1398,1398,1842,NA,NA,NA
1399,1399,NA,NA,NA,NA
1400,1187,1398,1587,1842,NA
1401,1171,1187,1398,1587,NA
1402,845,1171,1398,NA,NA
1403,845,1171,1398,NA,NA
1404,845,1171,1398,NA,NA
1405,845,1171,1398,NA,NA
1406,800,1171,1356,NA,NA
1407,800,1171,1356,NA,NA
1408,800,1171,1356,NA,NA
1409,800,1171,1356,NA,NA
1410,800,1171,1356,NA,NA
1411,800,1171,1356,NA,NA
1412,800,1153,1356,NA,NA
1413,800,1153,1356,NA,NA
1414,635,800,1153,NA,NA
1415,635,800,1153,NA,NA
1416,635,800,1153,NA,NA
1417,635,800,1153,NA,NA
1418,635,800,1153,NA,NA
1419,635,1153,1565,NA,NA
1420,635,1153,1565,NA,NA
1421,1421,NA,NA,NA,NA
1422,845,1171,1398,NA,NA
1423,845,1171,1398,NA,NA
1424,845,1171,1398,NA,NA
1425,845,1171,1398,NA,NA
1426,845,1171,1398,NA,NA
1427,845,1171,1398,NA,NA
1428,845,991,1171,NA,NA
1429,800,991,1171,NA,NA
1430,800,991,1171,NA,NA
1431,800,991,1171,NA,NA
1432,800,991,1171,NA,NA
1433,800,1171,1356,NA,NA
1434,800,1171,1356,NA,NA
1435,800,1171,1356,NA,NA
1436,800,1171,1356,NA,NA
1437,800,1153,1356,NA,NA
1438,635,800,1153,NA,NA
1439,635,800,1153,NA,NA
1440,635,800,1153,NA,NA
1441,635,800,1153,NA,NA
1442,635,800,1153,NA,NA
1443,635,800,1153,NA,NA
1444,635,800,1153,NA,NA
1445,1445,NA,NA,NA,NA
1446,845,1171,1398,NA,NA
1447,845,1171,1398,NA,NA
1448,845,1171,1398,NA,NA
1449,845,1171,1398,NA,NA
1450,845,1171,1398,NA,NA
1451,845,991,1171,NA,NA
1452,800,991,1171,NA,NA
1453,800,991,1171,NA,NA
1454,800,991,1171,NA,NA
1455,800,991,1171,NA,NA
1456,800,991,1171,NA,NA
1457,800,991,1171,NA,NA
1458,800,991,1171,NA,NA
1459,800,991,1171,NA,NA
1460,800,991,1171,NA,NA
1461,635,800,1153,NA,NA
1462,635,800,1153,NA,NA
1463,635,800,1153,NA,NA
1464,635,800,1153,NA,NA
1465,635,800,1153,NA,NA
1466,635,800,1153,NA,NA
1467,635,800,1153,NA,NA
1468,635,800,1153,NA,NA
1469,1469,NA,NA,NA,NA
1470,845,1171,1398,NA,NA
1471,845,1171,1398,NA,NA
1472,845,1171,1398,NA,NA
1473,845,1171,1398,NA,NA
1474,845,991,1171,NA,NA
1475,800,845,991,NA,NA
1476,800,845,991,NA,NA
1477,800,845,991,NA,NA
1478,800,845,991,NA,NA
1479,800,845,991,NA,NA
1480,800,845,991,NA,NA
1481,800,845,991,NA,NA
1482,659,800,845,NA,NA
1483,659,800,845,NA,NA
1484,635,659,800,NA,NA
1485,635,659,800,NA,NA
1486,635,659,800,NA,NA
1487,635,659,800,NA,NA
1488,635,659,800,NA,NA
1489,635,659,800,NA,NA
1490,635,659,800,NA,NA
1491,635,659,800,NA,NA
1492,371,635,659,NA,NA
1493,1493,NA,NA,NA,NA
1494,845,1171,1398,NA,NA
1495,845,1171,1398,NA,NA
1496,845,991,1171,NA,NA
1497,800,845,991,NA,NA
1498,800,845,991,NA,NA
1499,800,845,991,NA,NA
1500,800,845,991,NA,NA
1501,659,800,845,NA,NA
1502,659,800,845,NA,NA
1503,659,800,845,NA,NA
1504,659,800,845,NA,NA
1505,659,800,845,NA,NA
1506,635,659,800,NA,NA
1507,635,659,800,NA,NA
1508,635,659,800,NA,NA
1509,635,659,800,NA,NA
1510,635,659,800,NA,NA
1511,635,659,800,NA,NA
1512,371,635,659,NA,NA
1513,371,635,659,NA,NA
1514,371,635,659,NA,NA
1515,371,635,659,NA,NA
1516,371,635,659,NA,NA
1517,1517,NA,NA,NA,NA
1518,845,1171,1398,NA,NA
1519,800,845,991,NA,NA
1520,800,845,991,NA,NA
1521,659,800,845,NA,NA
1522,659,800,845,NA,NA
1523,659,800,845,NA,NA
1524,659,800,845,NA,NA
1525,659,800,845,NA,NA
1526,659,800,845,NA,NA
1527,659,800,845,NA,NA
1528,635,659,800,NA,NA
1529,635,659,800,NA,NA
1530,635,659,800,NA,NA
1531,371,635,659,NA,NA
1532,371,635,659,NA,NA
1533,371,635,659,NA,NA
1534,371,635,659,NA,NA
1535,371,635,659,NA,NA
1536,371,635,659,NA,NA
1537,371,635,659,NA,NA
1538,371,635,659,NA,NA
1539,371,635,659,NA,NA
1540,371,635,659,NA,NA
1541,1541,NA,NA,NA,NA
1542,423,659,845,NA,NA
1543,423,659,845,NA,NA
1544,423,659,845,NA,NA
1545,423,659,845,NA,NA
1546,423,659,845,NA,NA
1547,423,659,845,NA,NA
1548,423,659,845,NA,NA
1549,659,800,845,NA,NA
1550,659,800,845,NA,NA
1551,371,635,659,NA,NA
1552,371,635,659,NA,NA
1553,371,635,659,NA,NA
1554,371,635,659,NA,NA
1555,371,635,659,NA,NA
1556,371,635,659,NA,NA
1557,371,635,659,NA,NA
1558,371,635,659,NA,NA
1559,371,635,659,NA,NA
1560,371,635,659,NA,NA
1561,371,635,659,NA,NA
1562,371,635,659,NA,NA
1563,371,635,659,NA,NA
1564,371,635,659,NA,NA
1565,635,1565,1793,NA,NA
1566,635,1565,1793,NA,NA
1567,1567,NA,NA,NA,NA
1568,1356,1565,2033,2044,NA
1569,1351,1356,1565,2033,NA
1570,636,1842,2033,NA,NA
1571,1153,1356,1565,NA,NA
1572,635,1153,1351,1565,NA
1573,635,1565,1793,2033,NA
1574,635,1565,1793,NA,NA
1575,1575,NA,NA,NA,NA
1576,1356,1587,2044,NA,NA
1577,1171,1356,1842,2033,NA
1578,1171,1356,1842,2033,NA
1579,1356,1565,2044,NA,NA
1580,1153,1356,1565,NA,NA
1581,1153,1356,1565,NA,NA
1582,1153,1356,1565,NA,NA
1583,635,1153,1565,NA,NA
1584,635,1153,1565,NA,NA
1585,635,1153,1565,NA,NA
1586,635,1565,1793,NA,NA
1587,1587,NA,NA,NA,NA
1588,1171,1356,1587,1842,NA
1589,1171,1356,1842,2033,NA
1590,1171,1356,1587,NA,NA
1591,1171,1356,1587,NA,NA
1592,1171,1356,1587,NA,NA
1593,1171,1356,1587,NA,NA
1594,1171,1356,1587,NA,NA
1595,800,1153,1356,NA,NA
1596,1153,1356,1565,NA,NA
1597,1153,1356,1565,NA,NA
1598,1153,1356,1565,NA,NA
1599,1153,1356,1565,NA,NA
1600,635,1153,1565,NA,NA
1601,635,1153,1565,NA,NA
1602,635,1153,1565,NA,NA
1603,635,1153,1565,NA,NA
1604,1604,1842,2044,NA,NA
1605,1398,1587,1604,1842,NA
1606,1187,1398,1587,1842,NA
1607,1171,1398,1587,NA,NA
1608,1171,1398,1587,NA,NA
1609,1171,1356,1587,NA,NA
1610,1171,1356,1587,NA,NA
1611,1171,1356,1587,NA,NA
1612,1171,1356,1587,NA,NA
1613,1171,1356,1587,NA,NA
1614,800,1171,1356,NA,NA
1615,800,1171,1356,NA,NA
1616,800,1171,1356,NA,NA
1617,800,1153,1356,NA,NA
1618,800,1153,1356,NA,NA
1619,800,1153,1356,NA,NA
1620,635,800,1153,NA,NA
1621,635,1153,1565,NA,NA
1622,635,1153,1565,NA,NA
1623,635,1153,1565,NA,NA
1624,635,1153,1565,NA,NA
1625,1207,2095,NA,NA,NA
1626,845,1009,1398,1842,NA
1627,1398,1587,1604,1842,NA
1628,1187,1398,1587,1842,NA
1629,1171,1398,1587,NA,NA
1630,1171,1398,1587,NA,NA
1631,1171,1398,1587,NA,NA
1632,1171,1398,1587,NA,NA
1633,1171,1398,1587,NA,NA
1634,1171,1356,1587,NA,NA
1635,1171,1356,1587,NA,NA
1636,800,1171,1356,NA,NA
1637,800,1171,1356,NA,NA
1638,800,1171,1356,NA,NA
1639,800,1171,1356,NA,NA
1640,800,1171,1356,NA,NA
1641,800,1153,1356,NA,NA
1642,800,1153,1356,NA,NA
1643,800,1153,1356,NA,NA
1644,635,800,1153,NA,NA
1645,635,800,1153,NA,NA
1646,635,800,1153,NA,NA
1647,635,1153,1565,NA,NA
1648,635,1153,1565,NA,NA
1649,1649,NA,NA,NA,NA
1650,845,1207,1398,1842,NA
1651,845,1171,1398,NA,NA
1652,845,1171,1398,NA,NA
1653,845,1171,1398,NA,NA
1654,845,1171,1398,NA,NA
1655,845,1171,1398,NA,NA
1656,845,1171,1398,NA,NA
1657,845,1171,1398,NA,NA
1658,800,991,1171,NA,NA
1659,800,1171,1356,NA,NA
1660,800,1171,1356,NA,NA
1661,800,1171,1356,NA,NA
1662,800,1171,1356,NA,NA
1663,800,1171,1356,NA,NA
1664,800,1171,1356,NA,NA
1665,800,1153,1356,NA,NA
1666,800,1153,1356,NA,NA
1667,635,800,1153,NA,NA
1668,635,800,1153,NA,NA
1669,635,800,1153,NA,NA
1670,635,800,1153,NA,NA
1671,635,800,1153,NA,NA
1672,635,800,1153,NA,NA
1673,1673,NA,NA,NA,NA
1674,845,1171,1398,NA,NA
1675,845,1171,1398,NA,NA
1676,845,1171,1398,NA,NA
1677,845,1171,1398,NA,NA
1678,845,1171,1398,NA,NA
1679,845,1171,1398,NA,NA
1680,845,1171,1398,NA,NA
1681,845,991,1171,NA,NA
1682,800,991,1171,NA,NA
1683,800,991,1171,NA,NA
1684,800,991,1171,NA,NA
1685,800,991,1171,NA,NA
1686,800,1171,1356,NA,NA
1687,800,1171,1356,NA,NA
1688,800,1171,1356,NA,NA
1689,800,1171,1356,NA,NA
1690,800,1153,1356,NA,NA
1691,635,800,1153,NA,NA
1692,635,800,1153,NA,NA
1693,635,800,1153,NA,NA
1694,635,800,1153,NA,NA
1695,635,800,1153,NA,NA
1696,635,800,1153,NA,NA
1697,1255,1493,1673,2191,NA
1698,845,1171,1398,NA,NA
1699,845,1171,1398,NA,NA
1700,845,1171,1398,NA,NA
1701,845,1171,1398,NA,NA
1702,845,1171,1398,NA,NA
1703,845,991,1171,NA,NA
1704,845,991,1171,NA,NA
1705,800,991,1171,NA,NA
1706,800,991,1171,NA,NA
1707,800,991,1171,NA,NA
1708,800,991,1171,NA,NA
1709,800,991,1171,NA,NA
1710,800,991,1171,NA,NA
1711,800,991,1171,NA,NA
1712,800,991,1171,NA,NA
1713,800,1171,1356,NA,NA
1714,635,800,1153,NA,NA
1715,635,800,1153,NA,NA
1716,635,800,1153,NA,NA
1717,635,800,1153,NA,NA
1718,635,800,1153,NA,NA
1719,635,800,1153,NA,NA
1720,635,800,1153,NA,NA
1721,1721,NA,NA,NA,NA
1722,845,1171,1398,NA,NA
1723,845,1171,1398,NA,NA
1724,845,1171,1398,NA,NA
1725,845,1171,1398,NA,NA
1726,845,991,1171,NA,NA
1727,800,845,991,NA,NA
1728,800,845,991,NA,NA
1729,800,845,991,NA,NA
1730,800,845,991,NA,NA
1731,800,845,991,NA,NA
1732,800,845,991,NA,NA
1733,800,845,991,NA,NA
1734,800,845,991,NA,NA
1735,659,800,845,NA,NA
1736,659,800,845,NA,NA
1737,635,659,800,NA,NA
1738,635,659,800,NA,NA
1739,635,659,800,NA,NA
1740,635,659,800,NA,NA
1741,635,659,800,NA,NA
1742,635,659,800,NA,NA
1743,635,659,800,NA,NA
1744,635,659,800,NA,NA
1745,1493,1517,1985,2009,NA
1746,845,1171,1398,NA,NA
1747,845,1171,1398,NA,NA
1748,845,1171,1398,NA,NA
1749,800,845,991,NA,NA
1750,800,845,991,NA,NA
1751,800,845,991,NA,NA
1752,800,845,991,NA,NA
1753,800,845,991,NA,NA
1754,659,800,845,NA,NA
1755,659,800,845,NA,NA
1756,659,800,845,NA,NA
1757,659,800,845,NA,NA
1758,659,800,845,NA,NA
1759,635,659,800,NA,NA
1760,635,659,800,NA,NA
1761,635,659,800,NA,NA
1762,635,659,800,NA,NA
1763,635,659,800,NA,NA
1764,635,659,800,NA,NA
1765,371,635,659,NA,NA
1766,371,635,659,NA,NA
1767,371,635,659,NA,NA
1768,371,635,659,NA,NA
1769,1541,2009,NA,NA,NA
1770,845,1171,1398,NA,NA
1771,845,991,1171,NA,NA
1772,800,845,991,NA,NA
1773,800,845,991,NA,NA
1774,659,800,845,NA,NA
1775,659,800,845,NA,NA
1776,659,800,845,NA,NA
1777,659,800,845,NA,NA
1778,659,800,845,NA,NA
1779,659,800,845,NA,NA
1780,659,800,845,NA,NA
1781,635,659,800,NA,NA
1782,635,659,800,NA,NA
1783,635,659,800,NA,NA
1784,635,659,800,NA,NA
1785,371,635,659,NA,NA
1786,371,635,659,NA,NA
1787,371,635,659,NA,NA
1788,371,635,659,NA,NA
1789,371,635,659,NA,NA
1790,371,635,659,NA,NA
1791,371,635,659,NA,NA
1792,371,635,659,NA,NA
1793,1565,1793,2033,2044,NA
1794,1565,1793,2044,NA,NA
1795,1356,1565,2033,2044,NA
1796,1565,1793,2044,NA,NA
1797,1565,1793,2044,NA,NA
1798,635,1565,1793,NA,NA
1799,1356,2033,2036,2044,NA
1800,1356,1565,2044,NA,NA
1801,1171,1356,1842,2033,NA
1802,636,1842,2033,NA,NA
1803,800,1171,1356,2033,NA
1804,1356,1565,2044,NA,NA
1805,1356,1565,2044,NA,NA
1806,1356,1565,2044,NA,NA
1807,635,1153,1565,NA,NA
1808,635,1565,1793,NA,NA
1809,1587,1842,2033,2036,NA
1810,1587,1842,2033,2036,NA
1811,1356,1587,2033,2036,NA
1812,1812,NA,NA,NA,NA
1813,1356,1565,2044,NA,NA
1814,1356,1565,2044,NA,NA
1815,1356,1565,2044,NA,NA
1816,1356,1565,2044,NA,NA
1817,1356,1565,2044,NA,NA
1818,1356,1565,2044,NA,NA
1819,1153,1356,1565,NA,NA
1820,1153,1356,1565,NA,NA
1821,635,1153,1565,NA,NA
1822,635,1153,1565,NA,NA
1823,1587,1604,1842,2044,2564
1824,1824,NA,NA,NA,NA
1825,1825,NA,NA,NA,NA
1826,1826,NA,NA,NA,NA
1827,1356,1587,2044,NA,NA
1828,1356,1587,2044,NA,NA
1829,1356,1587,2044,NA,NA
1830,1356,1587,2044,NA,NA
1831,1356,1587,2044,NA,NA
1832,1356,1587,2044,NA,NA
1833,1356,1565,2044,NA,NA
1834,1356,1565,2044,NA,NA
1835,1153,1356,1565,NA,NA
1836,1153,1356,1565,NA,NA
1837,1153,1356,1565,NA,NA
1838,1153,1356,1565,NA,NA
1839,635,1153,1565,NA,NA
1840,635,1153,1565,NA,NA
1841,635,1153,1565,NA,NA
1842,1842,NA,NA,NA,NA
1843,1587,1604,1842,NA,NA
1844,1587,1604,1842,NA,NA
1845,1587,1604,1842,NA,NA
1846,1587,1604,1842,NA,NA
1847,1587,1604,1842,NA,NA
1848,1398,1587,NA,NA,NA
1849,1171,1356,1587,NA,NA
1850,1171,1356,1587,NA,NA
1851,1171,1356,1587,NA,NA
1852,1171,1356,1587,NA,NA
1853,1171,1356,1587,NA,NA
1854,1171,1356,1587,NA,NA
1855,1171,1356,1587,NA,NA
1856,800,1171,1356,NA,NA
1857,800,1153,1356,NA,NA
1858,800,1153,1356,NA,NA
1859,1153,1356,1565,NA,NA
1860,1153,1356,1565,NA,NA
1861,1153,1356,1565,NA,NA
1862,635,1153,1565,NA,NA
1863,635,1153,1565,NA,NA
1864,635,1153,1565,NA,NA
1865,1865,NA,NA,NA,NA
1866,1207,1398,1842,NA,NA
1867,1398,1604,1842,NA,NA
1868,1398,1604,1842,NA,NA
1869,1398,1587,1604,NA,NA
1870,1171,1398,1587,NA,NA
1871,1171,1398,1587,NA,NA
1872,1171,1398,1587,NA,NA
1873,1171,1398,1587,NA,NA
1874,1171,1356,1587,NA,NA
1875,1171,1356,1587,NA,NA
1876,1171,1356,1587,NA,NA
1877,1171,1356,1587,NA,NA
1878,800,1171,1356,NA,NA
1879,800,1171,1356,NA,NA
1880,800,1171,1356,NA,NA
1881,800,1171,1356,NA,NA
1882,800,1153,1356,NA,NA
1883,800,1153,1356,NA,NA
1884,800,1153,1356,NA,NA
1885,635,800,1153,NA,NA
1886,635,1153,1565,NA,NA
1887,635,1153,1565,NA,NA
1888,635,1153,1565,NA,NA
1889,1889,NA,NA,NA,NA
1890,1207,1398,1842,NA,NA
1891,1398,1604,1842,NA,NA
1892,1398,1587,NA,NA,NA
1893,1171,1398,1587,NA,NA
1894,1171,1398,1587,NA,NA
1895,1171,1398,1587,NA,NA
1896,1171,1398,1587,NA,NA
1897,1171,1398,1587,NA,NA
1898,1171,1356,1587,NA,NA
1899,1171,1356,1587,NA,NA
1900,1171,1356,1587,NA,NA
1901,800,1171,1356,NA,NA
1902,800,1171,1356,NA,NA
1903,800,1171,1356,NA,NA
1904,800,1171,1356,NA,NA
1905,800,1171,1356,NA,NA
1906,800,1153,1356,NA,NA
1907,800,1153,1356,NA,NA
1908,800,1153,1356,NA,NA
1909,635,800,1153,NA,NA
1910,635,800,1153,NA,NA
1911,635,800,1153,NA,NA
1912,635,1153,1565,NA,NA
1913,1913,NA,NA,NA,NA
1914,1207,1398,1842,NA,NA
1915,845,1171,1398,NA,NA
1916,845,1171,1398,NA,NA
1917,845,1171,1398,NA,NA
1918,845,1171,1398,NA,NA
1919,845,1171,1398,NA,NA
1920,845,1171,1398,NA,NA
1921,845,1171,1398,NA,NA
1922,845,1171,1398,NA,NA
1923,800,991,1171,NA,NA
1924,800,1171,1356,NA,NA
1925,800,1171,1356,NA,NA
1926,800,1171,1356,NA,NA
1927,800,1171,1356,NA,NA
1928,800,1171,1356,NA,NA
1929,800,1171,1356,NA,NA
1930,800,1153,1356,NA,NA
1931,800,1153,1356,NA,NA
1932,635,800,1153,NA,NA
1933,635,800,1153,NA,NA
1934,635,800,1153,NA,NA
1935,635,800,1153,NA,NA
1936,635,800,1153,NA,NA
1937,1937,NA,NA,NA,NA
1938,845,1207,1398,NA,NA
1939,845,1171,1398,NA,NA
1940,845,1171,1398,NA,NA
1941,845,1171,1398,NA,NA
1942,845,1171,1398,NA,NA
1943,845,1171,1398,NA,NA
1944,845,1171,1398,NA,NA
1945,845,991,1171,NA,NA
1946,800,991,1171,NA,NA
1947,800,991,1171,NA,NA
1948,800,991,1171,NA,NA
1949,800,991,1171,NA,NA
1950,800,991,1171,NA,NA
1951,800,1171,1356,NA,NA
1952,800,1171,1356,NA,NA
1953,800,1171,1356,NA,NA
1954,800,1153,1356,NA,NA
1955,800,1153,1356,NA,NA
1956,635,800,1153,NA,NA
1957,635,800,1153,NA,NA
1958,635,800,1153,NA,NA
1959,635,800,1153,NA,NA
1960,635,800,1153,NA,NA
1961,1493,1985,2009,2191,NA
1962,845,1171,1398,NA,NA
1963,845,1171,1398,NA,NA
1964,845,1171,1398,NA,NA
1965,845,1171,1398,NA,NA
1966,845,1171,1398,NA,NA
1967,845,1171,1398,NA,NA
1968,845,991,1171,NA,NA
1969,800,991,1171,NA,NA
1970,800,991,1171,NA,NA
1971,800,991,1171,NA,NA
1972,800,991,1171,NA,NA
1973,800,991,1171,NA,NA
1974,800,991,1171,NA,NA
1975,800,991,1171,NA,NA
1976,800,991,1171,NA,NA
1977,800,991,1171,NA,NA
1978,800,1171,1356,NA,NA
1979,635,800,1153,NA,NA
1980,635,800,1153,NA,NA
1981,635,800,1153,NA,NA
1982,635,800,1153,NA,NA
1983,635,800,1153,NA,NA
1984,635,800,1153,NA,NA
1985,1985,NA,NA,NA,NA
1986,845,1171,1398,NA,NA
1987,845,1171,1398,NA,NA
1988,845,1171,1398,NA,NA
1989,845,1171,1398,NA,NA
1990,845,991,1171,NA,NA
1991,845,991,1171,NA,NA
1992,800,845,991,NA,NA
1993,800,845,991,NA,NA
1994,800,845,991,NA,NA
1995,800,845,991,NA,NA
1996,800,845,991,NA,NA
1997,800,845,991,NA,NA
1998,800,845,991,NA,NA
1999,800,845,991,NA,NA
2000,659,800,845,NA,NA
2001,659,800,845,NA,NA
2002,635,659,800,NA,NA
2003,635,659,800,NA,NA
2004,635,659,800,NA,NA
2005,635,659,800,NA,NA
2006,635,659,800,NA,NA
2007,635,659,800,NA,NA
2008,635,659,800,NA,NA
2009,2009,NA,NA,NA,NA
2010,845,1171,1398,NA,NA
2011,845,1171,1398,NA,NA
2012,845,1171,1398,NA,NA
2013,845,991,1171,NA,NA
2014,800,845,991,NA,NA
2015,800,845,991,NA,NA
2016,800,845,991,NA,NA
2017,800,845,991,NA,NA
2018,800,845,991,NA,NA
2019,800,845,991,NA,NA
2020,659,800,845,NA,NA
2021,659,800,845,NA,NA
2022,659,800,845,NA,NA
2023,659,800,845,NA,NA
2024,635,659,800,NA,NA
2025,635,659,800,NA,NA
2026,635,659,800,NA,NA
2027,635,659,800,NA,NA
2028,635,659,800,NA,NA
2029,635,659,800,NA,NA
2030,635,659,800,NA,NA
2031,371,635,659,NA,NA
2032,371,635,659,NA,NA
2033,2033,2044,NA,NA,NA
2034,1793,2033,2287,2288,NA
2035,1793,2287,2288,NA,NA
2036,73,1842,2036,2557,NA
2037,1793,2033,2044,2288,NA
2038,1565,1793,2033,2044,NA
2039,1793,2044,2288,NA,NA
2040,1793,2044,2288,NA,NA
2041,1565,1793,2044,NA,NA
2042,1565,1793,2044,NA,NA
2043,1565,1793,2044,NA,NA
2044,1587,2044,NA,NA,NA
2045,1842,2033,2036,2294,NA
2046,1356,1565,2033,2044,NA
2047,1565,1793,2044,NA,NA
2048,1356,1565,2033,2044,NA
2049,1356,1565,2033,2044,NA
2050,1565,1793,2044,NA,NA
2051,1565,1793,2044,NA,NA
2052,1565,1793,2044,NA,NA
2053,1565,1793,2044,NA,NA
2054,1565,1793,2044,NA,NA
2055,1565,1793,2044,NA,NA
2056,1565,1793,2044,NA,NA
2057,2057,NA,NA,NA,NA
2058,1842,2044,2338,NA,NA
2059,1842,2033,2036,2294,NA
2060,1587,1842,2036,2044,NA
2061,1587,1842,2036,2044,NA
2062,1356,1587,2044,NA,NA
2063,2063,NA,NA,NA,NA
2064,1356,1565,2044,NA,NA
2065,1356,1565,2044,NA,NA
2066,1356,1565,2044,NA,NA
2067,1356,1565,2044,NA,NA
2068,1356,1565,2044,NA,NA
2069,1356,1565,2044,NA,NA
2070,1356,1565,2044,NA,NA
2071,1356,1565,2044,NA,NA
2072,1153,1356,1565,NA,NA
2073,635,1153,1565,NA,NA
2074,2074,NA,NA,NA,NA
2075,1842,2044,2338,NA,NA
2076,1842,2044,2338,NA,NA
2077,2077,NA,NA,NA,NA
2078,2078,NA,NA,NA,NA
2079,2079,NA,NA,NA,NA
2080,2080,NA,NA,NA,NA
2081,1356,1587,2044,NA,NA
2082,1356,1587,2044,NA,NA
2083,1356,1587,2044,NA,NA
2084,1356,1587,2044,NA,NA
2085,1356,1587,2044,NA,NA
2086,1356,1565,2044,NA,NA
2087,1356,1565,2044,NA,NA
2088,1356,1565,2044,NA,NA
2089,1356,1565,2044,NA,NA
2090,1356,1565,2044,NA,NA
2091,1153,1356,1565,NA,NA
2092,1153,1356,1565,NA,NA
2093,1153,1356,1565,NA,NA
2094,635,1153,1565,NA,NA
2095,2095,NA,NA,NA,NA
2096,1842,2095,2338,NA,NA
2097,1842,2044,2338,NA,NA
2098,1842,2044,2338,NA,NA
2099,2099,NA,NA,NA,NA
2100,2100,NA,NA,NA,NA
2101,2101,NA,NA,NA,NA
2102,2102,NA,NA,NA,NA
2103,2103,NA,NA,NA,NA
2104,1356,1587,2044,NA,NA
2105,1356,1587,2044,NA,NA
2106,1356,1587,2044,NA,NA
2107,1356,1587,2044,NA,NA
2108,1356,1587,2044,NA,NA
2109,1356,1587,2044,NA,NA
2110,1356,1587,2044,NA,NA
2111,1356,1565,2044,NA,NA
2112,1356,1565,2044,NA,NA
2113,1153,1356,1565,NA,NA
2114,1153,1356,1565,NA,NA
2115,1153,1356,1565,NA,NA
2116,1153,1356,1565,NA,NA
2117,635,1153,1565,NA,NA
2118,635,1153,1565,NA,NA
2119,769,2095,2143,2361,2663
2120,1207,1842,2095,NA,NA
2121,1587,1604,1842,NA,NA
2122,1587,1604,1842,NA,NA
2123,1587,1604,1842,NA,NA
2124,1587,1604,1842,NA,NA
2125,1587,1604,1842,NA,NA
2126,1398,1587,NA,NA,NA
2127,1171,1398,1587,NA,NA
2128,1171,1356,1587,NA,NA
2129,1171,1356,1587,NA,NA
2130,1171,1356,1587,NA,NA
2131,1171,1356,1587,NA,NA
2132,1171,1356,1587,NA,NA
2133,1171,1356,1587,NA,NA
2134,1171,1356,1587,NA,NA
2135,800,1171,1356,NA,NA
2136,800,1153,1356,NA,NA
2137,800,1153,1356,NA,NA
2138,800,1153,1356,NA,NA
2139,1153,1356,1565,NA,NA
2140,1153,1356,1565,NA,NA
2141,635,1153,1565,NA,NA
2142,635,1153,1565,NA,NA
2143,2143,NA,NA,NA,NA
2144,1207,1398,1842,NA,NA
2145,1398,1604,1842,NA,NA
2146,1398,1604,1842,NA,NA
2147,1398,1587,1604,NA,NA
2148,1398,1587,NA,NA,NA
2149,1171,1398,1587,NA,NA
2150,1171,1398,1587,NA,NA
2151,1171,1398,1587,NA,NA
2152,1171,1356,1587,NA,NA
2153,1171,1356,1587,NA,NA
2154,1171,1356,1587,NA,NA
2155,1171,1356,1587,NA,NA
2156,1171,1356,1587,NA,NA
2157,800,1171,1356,NA,NA
2158,800,1171,1356,NA,NA
2159,800,1171,1356,NA,NA
2160,800,1153,1356,NA,NA
2161,800,1153,1356,NA,NA
2162,800,1153,1356,NA,NA
2163,800,1153,1356,NA,NA
2164,635,800,1153,NA,NA
2165,635,800,1153,NA,NA
2166,635,1153,1565,NA,NA
2167,2167,NA,NA,NA,NA
2168,1207,1398,1842,NA,NA
2169,1398,1604,1842,NA,NA
2170,1398,1587,NA,NA,NA
2171,1171,1398,1587,NA,NA
2172,1171,1398,1587,NA,NA
2173,1171,1398,1587,NA,NA
2174,1171,1398,1587,NA,NA
2175,1171,1398,1587,NA,NA
2176,1171,1398,1587,NA,NA
2177,1171,1356,1587,NA,NA
2178,1171,1356,1587,NA,NA
2179,800,1171,1356,NA,NA
2180,800,1171,1356,NA,NA
2181,800,1171,1356,NA,NA
2182,800,1171,1356,NA,NA
2183,800,1171,1356,NA,NA
2184,800,1171,1356,NA,NA
2185,800,1153,1356,NA,NA
2186,800,1153,1356,NA,NA
2187,800,1153,1356,NA,NA
2188,635,800,1153,NA,NA
2189,635,800,1153,NA,NA
2190,635,800,1153,NA,NA
2191,2191,NA,NA,NA,NA
2192,1207,1398,1842,NA,NA
2193,845,1171,1398,NA,NA
2194,845,1171,1398,NA,NA
2195,845,1171,1398,NA,NA
2196,845,1171,1398,NA,NA
2197,845,1171,1398,NA,NA
2198,845,1171,1398,NA,NA
2199,845,1171,1398,NA,NA
2200,845,1171,1398,NA,NA
2201,800,991,1171,NA,NA
2202,800,1171,1356,NA,NA
2203,800,1171,1356,NA,NA
2204,800,1171,1356,NA,NA
2205,800,1171,1356,NA,NA
2206,800,1171,1356,NA,NA
2207,800,1171,1356,NA,NA
2208,800,1171,1356,NA,NA
2209,800,1153,1356,NA,NA
2210,800,1153,1356,NA,NA
2211,635,800,1153,NA,NA
2212,635,800,1153,NA,NA
2213,635,800,1153,NA,NA
2214,635,800,1153,NA,NA
2215,2009,2191,2481,2783,NA
2216,845,1207,1398,NA,NA
2217,845,1171,1398,NA,NA
2218,845,1171,1398,NA,NA
2219,845,1171,1398,NA,NA
2220,845,1171,1398,NA,NA
2221,845,1171,1398,NA,NA
2222,845,1171,1398,NA,NA
2223,845,1171,1398,NA,NA
2224,845,991,1171,NA,NA
2225,800,991,1171,NA,NA
2226,800,991,1171,NA,NA
2227,800,991,1171,NA,NA
2228,800,991,1171,NA,NA
2229,800,1171,1356,NA,NA
2230,800,1171,1356,NA,NA
2231,800,1171,1356,NA,NA
2232,800,1171,1356,NA,NA
2233,800,1153,1356,NA,NA
2234,800,1153,NA,NA,NA
2235,635,800,1153,NA,NA
2236,635,800,1153,NA,NA
2237,635,800,1153,NA,NA
2238,635,800,1153,NA,NA
2239,1985,2009,2191,2783,NA
2240,845,1207,1398,NA,NA
2241,845,1171,1398,NA,NA
2242,845,1171,1398,NA,NA
2243,845,1171,1398,NA,NA
2244,845,1171,1398,NA,NA
2245,845,1171,1398,NA,NA
2246,845,991,1171,NA,NA
2247,845,991,1171,NA,NA
2248,800,991,1171,NA,NA
2249,800,991,1171,NA,NA
2250,800,991,1171,NA,NA
2251,800,991,1171,NA,NA
2252,800,991,1171,NA,NA
2253,800,991,1171,NA,NA
2254,800,991,1171,NA,NA
2255,800,991,1171,NA,NA
2256,800,991,1171,NA,NA
2257,800,1171,1356,NA,NA
2258,635,800,1153,NA,NA
2259,635,800,1153,NA,NA
2260,635,800,1153,NA,NA
2261,635,800,1153,NA,NA
2262,635,800,1153,NA,NA
2263,2263,NA,NA,NA,NA
2264,845,1171,1398,NA,NA
2265,845,1171,1398,NA,NA
2266,845,1171,1398,NA,NA
2267,845,1171,1398,NA,NA
2268,845,1171,1398,NA,NA
2269,845,991,1171,NA,NA
2270,800,845,991,NA,NA
2271,800,845,991,NA,NA
2272,800,845,991,NA,NA
2273,800,845,991,NA,NA
2274,800,845,991,NA,NA
2275,800,845,991,NA,NA
2276,800,845,991,NA,NA
2277,800,845,991,NA,NA
2278,800,845,991,NA,NA
2279,659,800,845,NA,NA
2280,659,800,845,NA,NA
2281,635,659,800,NA,NA
2282,635,659,800,NA,NA
2283,635,659,800,NA,NA
2284,635,659,800,NA,NA
2285,635,659,800,NA,NA
2286,635,659,800,NA,NA
2287,1793,2287,2288,NA,NA
2288,1,635,2044,2288,NA
2289,1793,2033,2287,2288,NA
2290,2033,2287,2288,2557,NA
2291,1793,2287,2288,NA,NA
2292,2033,2287,2554,NA,NA
2293,1793,2287,2288,NA,NA
2294,73,2294,2557,NA,NA
2295,2295,NA,NA,NA,NA
2296,2033,2036,2044,2564,NA
2297,1793,2033,2044,2288,NA
2298,1793,2044,2288,NA,NA
2299,1793,2033,2044,2288,NA
2300,1793,2044,2288,NA,NA
2301,1793,2044,2288,NA,NA
2302,1793,2044,2288,NA,NA
2303,1793,2044,2288,NA,NA
2304,1842,2044,2294,2564,NA
2305,1842,2044,2294,2564,NA
2306,1842,2044,2294,2564,NA
2307,2307,NA,NA,NA,NA
2308,1842,2036,2044,2294,NA
2309,1842,2033,2294,2557,NA
2310,1793,2044,2288,NA,NA
2311,1793,2044,2288,NA,NA
2312,1793,2044,2288,NA,NA
2313,1565,1793,2044,NA,NA
2314,1565,1793,2044,NA,NA
2315,1565,1793,2044,NA,NA
2316,1565,1793,2044,NA,NA
2317,1565,1793,2044,NA,NA
2318,1565,1793,2044,NA,NA
2319,1842,2338,2564,2594,NA
2320,2044,2338,2564,NA,NA
2321,2044,2338,2564,NA,NA
2322,2044,2338,2564,NA,NA
2323,1842,2044,2338,NA,NA
2324,1842,2044,2294,2564,NA
2325,1587,1842,2036,2044,NA
2326,1587,1842,2036,2044,NA
2327,1356,1565,2033,2044,NA
2328,1356,1565,2033,2044,NA
2329,1356,1565,2044,NA,NA
2330,1356,1565,2044,NA,NA
2331,1356,1565,2044,NA,NA
2332,1356,1565,2044,NA,NA
2333,1356,1565,2044,NA,NA
2334,1356,1565,2044,NA,NA
2335,1356,1565,2044,NA,NA
2336,1356,1565,2044,NA,NA
2337,1356,1565,2044,NA,NA
2338,1842,2338,2594,NA,NA
2339,2339,NA,NA,NA,NA
2340,1842,2044,2338,NA,NA
2341,2341,NA,NA,NA,NA
2342,1842,2044,2338,NA,NA
2343,1842,2044,2338,NA,NA
2344,1842,2044,2338,NA,NA
2345,1587,1842,2044,NA,NA
2346,2346,NA,NA,NA,NA
2347,2347,NA,NA,NA,NA
2348,1356,1587,2044,NA,NA
2349,1356,1587,2044,NA,NA
2350,1356,1587,2044,NA,NA
2351,1356,1565,2044,NA,NA
2352,1356,1565,2044,NA,NA
2353,1356,1565,2044,NA,NA
2354,1356,1565,2044,NA,NA
2355,1356,1565,2044,NA,NA
2356,1356,1565,2044,NA,NA
2357,1356,1565,2044,NA,NA
2358,1356,1565,2044,NA,NA
2359,1153,1356,1565,NA,NA
2360,1153,1356,1565,NA,NA
2361,2095,2361,2615,2639,NA
2362,1842,2095,2338,NA,NA
2363,1842,2044,2338,NA,NA
2364,1842,2044,2338,NA,NA
2365,1842,2044,2338,NA,NA
2366,1842,2044,2338,NA,NA
2367,2367,NA,NA,NA,NA
2368,2368,NA,NA,NA,NA
2369,2369,NA,NA,NA,NA
2370,2370,NA,NA,NA,NA
2371,1356,1587,2044,NA,NA
2372,1356,1587,2044,NA,NA
2373,1356,1587,2044,NA,NA
2374,1356,1587,2044,NA,NA
2375,1356,1587,2044,NA,NA
2376,1356,1587,2044,NA,NA
2377,1356,1565,2044,NA,NA
2378,1356,1565,2044,NA,NA
2379,1356,1565,2044,NA,NA
2380,1356,1565,2044,NA,NA
2381,1153,1356,1565,NA,NA
2382,1153,1356,1565,NA,NA
2383,1153,1356,1565,NA,NA
2384,1153,1356,1565,NA,NA
2385,769,2095,2143,2361,2663
2386,1842,2095,2338,NA,NA
2387,1842,2044,2338,NA,NA
2388,2388,NA,NA,NA,NA
2389,2389,NA,NA,NA,NA
2390,2390,NA,NA,NA,NA
2391,2391,NA,NA,NA,NA
2392,2392,NA,NA,NA,NA
2393,2393,NA,NA,NA,NA
2394,1356,1587,2044,NA,NA
2395,1356,1587,2044,NA,NA
2396,1356,1587,2044,NA,NA
2397,1356,1587,2044,NA,NA
2398,1356,1587,2044,NA,NA
2399,1356,1587,2044,NA,NA
2400,1356,1587,2044,NA,NA
2401,1356,1587,2044,NA,NA
2402,1356,1565,2044,NA,NA
2403,1153,1356,1565,NA,NA
2404,1153,1356,1565,NA,NA
2405,1153,1356,1565,NA,NA
2406,1153,1356,1565,NA,NA
2407,1153,1356,1565,NA,NA
2408,635,1153,1565,NA,NA
2409,2409,NA,NA,NA,NA
2410,1207,1842,2095,NA,NA
2411,1398,1604,1842,NA,NA
2412,1587,1604,1842,NA,NA
2413,1587,1604,1842,NA,NA
2414,1587,1604,1842,NA,NA
2415,1398,1587,1604,NA,NA
2416,1398,1587,NA,NA,NA
2417,1171,1398,1587,NA,NA
2418,1171,1356,1587,NA,NA
2419,1171,1356,1587,NA,NA
2420,1171,1356,1587,NA,NA
2421,1171,1356,1587,NA,NA
2422,1171,1356,1587,NA,NA
2423,1171,1356,1587,NA,NA
2424,1171,1356,1587,NA,NA
2425,800,1171,1356,NA,NA
2426,800,1171,1356,NA,NA
2427,800,1153,1356,NA,NA
2428,800,1153,1356,NA,NA
2429,800,1153,1356,NA,NA
2430,800,1153,1356,NA,NA
2431,1153,1356,1565,NA,NA
2432,635,1153,1565,NA,NA
2433,2191,2663,2711,NA,NA
2434,1207,1398,1842,NA,NA
2435,1398,1604,1842,NA,NA
2436,1398,1604,1842,NA,NA
2437,1398,1587,1604,NA,NA
2438,1398,1587,NA,NA,NA
2439,1171,1398,1587,NA,NA
2440,1171,1398,1587,NA,NA
2441,1171,1398,1587,NA,NA
2442,1171,1398,1587,NA,NA
2443,1171,1356,1587,NA,NA
2444,1171,1356,1587,NA,NA
2445,1171,1356,1587,NA,NA
2446,1171,1356,1587,NA,NA
2447,800,1171,1356,NA,NA
2448,800,1171,1356,NA,NA
2449,800,1171,1356,NA,NA
2450,800,1171,1356,NA,NA
2451,800,1153,1356,NA,NA
2452,800,1153,1356,NA,NA
2453,800,1153,1356,NA,NA
2454,800,1153,1356,NA,NA
2455,635,800,1153,NA,NA
2456,635,800,1153,NA,NA
2457,2457,NA,NA,NA,NA
2458,1207,1398,1842,NA,NA
2459,1398,1604,1842,NA,NA
2460,1398,1587,NA,NA,NA
2461,1171,1398,1587,NA,NA
2462,1171,1398,1587,NA,NA
2463,1171,1398,1587,NA,NA
2464,1171,1398,1587,NA,NA
2465,1171,1398,1587,NA,NA
2466,1171,1398,1587,NA,NA
2467,1171,1587,NA,NA,NA
2468,1171,1356,1587,NA,NA
2469,800,1171,1356,NA,NA
2470,800,1171,1356,NA,NA
2471,800,1171,1356,NA,NA
2472,800,1171,1356,NA,NA
2473,800,1171,1356,NA,NA
2474,800,1171,1356,NA,NA
2475,800,1171,1356,NA,NA
2476,800,1153,1356,NA,NA
2477,800,1153,1356,NA,NA
2478,800,1153,NA,NA,NA
2479,635,800,1153,NA,NA
2480,635,800,1153,NA,NA
2481,2481,NA,NA,NA,NA
2482,1207,1398,1842,NA,NA
2483,845,1171,1398,NA,NA
2484,845,1171,1398,NA,NA
2485,845,1171,1398,NA,NA
2486,845,1171,1398,NA,NA
2487,845,1171,1398,NA,NA
2488,845,1171,1398,NA,NA
2489,845,1171,1398,NA,NA
2490,845,1171,1398,NA,NA
2491,845,1171,1398,NA,NA
2492,800,991,1171,NA,NA
2493,800,1171,1356,NA,NA
2494,800,1171,1356,NA,NA
2495,800,1171,1356,NA,NA
2496,800,1171,1356,NA,NA
2497,800,1171,1356,NA,NA
2498,800,1171,1356,NA,NA
2499,800,1171,1356,NA,NA
2500,800,1153,1356,NA,NA
2501,800,1153,1356,NA,NA
2502,635,800,1153,NA,NA
2503,635,800,1153,NA,NA
2504,635,800,1153,NA,NA
2505,2505,NA,NA,NA,NA
2506,845,1207,1398,NA,NA
2507,845,1171,1398,NA,NA
2508,845,1171,1398,NA,NA
2509,845,1171,1398,NA,NA
2510,845,1171,1398,NA,NA
2511,845,1171,1398,NA,NA
2512,845,1171,1398,NA,NA
2513,845,1171,1398,NA,NA
2514,845,991,1171,NA,NA
2515,800,991,1171,NA,NA
2516,800,991,1171,NA,NA
2517,800,991,1171,NA,NA
2518,800,991,1171,NA,NA
2519,800,991,1171,NA,NA
2520,800,1171,1356,NA,NA
2521,800,1171,1356,NA,NA
2522,800,1171,1356,NA,NA
2523,800,1171,1356,NA,NA
2524,800,1153,1356,NA,NA
2525,635,800,1153,NA,NA
2526,635,800,1153,NA,NA
2527,635,800,1153,NA,NA
2528,635,800,1153,NA,NA
2529,2009,2807,NA,NA,NA
2530,845,1207,1398,NA,NA
2531,845,1171,1398,NA,NA
2532,845,1171,1398,NA,NA
2533,845,1171,1398,NA,NA
2534,845,1171,1398,NA,NA
2535,845,1171,1398,NA,NA
2536,845,1171,1398,NA,NA
2537,845,991,1171,NA,NA
2538,800,991,1171,NA,NA
2539,800,991,1171,NA,NA
2540,800,991,1171,NA,NA
2541,800,991,1171,NA,NA
2542,800,991,1171,NA,NA
2543,800,991,1171,NA,NA
2544,800,991,1171,NA,NA
2545,800,991,1171,NA,NA
2546,800,991,1171,NA,NA
2547,800,1171,1356,NA,NA
2548,800,1153,1356,NA,NA
2549,635,800,1153,NA,NA
2550,635,800,1153,NA,NA
2551,635,800,1153,NA,NA
2552,635,800,1153,NA,NA
2553,2553,NA,NA,NA,NA
2554,2554,NA,NA,NA,NA
2555,2555,NA,NA,NA,NA
2556,2287,2288,2556,2564,NA
2557,201,800,2557,NA,NA
2558,2287,2553,2556,2564,NA
2559,2033,2554,2557,NA,NA
2560,2287,2288,2553,2564,NA
2561,2287,2288,2564,NA,NA
2562,1793,2287,2288,NA,NA
2563,1793,2287,2288,NA,NA
2564,2564,NA,NA,NA,NA
2565,2294,2557,2564,2577,NA
2566,2294,2557,2564,2577,NA
2567,2033,2294,2557,2564,NA
2568,2044,2288,2564,NA,NA
2569,2044,2288,2564,NA,NA
2570,2044,2288,2564,NA,NA
2571,1793,2044,2288,NA,NA
2572,1793,2044,2288,NA,NA
2573,1793,2044,2288,NA,NA
2574,1793,2044,2288,NA,NA
2575,1793,2287,2288,NA,NA
2576,1793,2033,2287,2288,NA
2577,2577,2594,NA,NA,NA
2578,2578,2594,NA,NA,NA
2579,2579,NA,NA,NA,NA
2580,2044,2338,2564,NA,NA
2581,2044,2338,2564,NA,NA
2582,2044,2288,2564,NA,NA
2583,2583,NA,NA,NA,NA
2584,2044,2288,2564,NA,NA
2585,2044,2288,2564,NA,NA
2586,1793,2044,2288,NA,NA
2587,1793,2044,2288,NA,NA
2588,1793,2044,2288,NA,NA
2589,1793,2044,2288,NA,NA
2590,1793,2044,2288,NA,NA
2591,1793,2044,2288,NA,NA
2592,1793,2044,2288,NA,NA
2593,1793,2044,2288,NA,NA
2594,1842,2338,2564,2594,NA
2595,2338,2564,2594,NA,NA
2596,1842,2577,2578,2594,NA
2597,2597,NA,NA,NA,NA
2598,2598,NA,NA,NA,NA
2599,2044,2338,2564,NA,NA
2600,2044,2338,2564,NA,NA
2601,1842,2044,2294,2564,NA
2602,2044,2338,2564,NA,NA
2603,2044,2288,2564,NA,NA
2604,1793,2044,2288,NA,NA
2605,1793,2044,2288,NA,NA
2606,1565,1793,2044,NA,NA
2607,1565,1793,2044,NA,NA
2608,1565,1793,2044,NA,NA
2609,1565,1793,2044,NA,NA
2610,1565,1793,2044,NA,NA
2611,1565,1793,2044,NA,NA
2612,1565,1793,2044,NA,NA
2613,1565,1793,2044,NA,NA
2614,1565,1793,2044,NA,NA
2615,2615,NA,NA,NA,NA
2616,2338,2594,2615,NA,NA
2617,2338,2564,2594,NA,NA
2618,2618,NA,NA,NA,NA
2619,2044,2338,2564,NA,NA
2620,2044,2338,2564,NA,NA
2621,2044,2338,2564,NA,NA
2622,1842,2044,2338,NA,NA
2623,1842,2044,2338,NA,NA
2624,1842,2044,2338,NA,NA
2625,1842,2044,2338,NA,NA
2626,2626,NA,NA,NA,NA
2627,1356,1587,2044,NA,NA
2628,1356,1587,2044,NA,NA
2629,1356,1565,2044,NA,NA
2630,1356,1565,2044,NA,NA
2631,1356,1565,2044,NA,NA
2632,1356,1565,2044,NA,NA
2633,1356,1565,2044,NA,NA
2634,1356,1565,2044,NA,NA
2635,1356,1565,2044,NA,NA
2636,1356,1565,2044,NA,NA
2637,1356,1565,2044,NA,NA
2638,1356,1565,2044,NA,NA
2639,2639,NA,NA,NA,NA
2640,1842,2095,2338,NA,NA
2641,1842,2044,2338,NA,NA
2642,1842,2044,2338,NA,NA
2643,1842,2044,2338,NA,NA
2644,1842,2044,2338,NA,NA
2645,1842,2044,2338,NA,NA
2646,1842,2044,2338,NA,NA
2647,2647,NA,NA,NA,NA
2648,2648,NA,NA,NA,NA
2649,2649,NA,NA,NA,NA
2650,1356,1587,2044,NA,NA
2651,1356,1587,2044,NA,NA
2652,1356,1587,2044,NA,NA
2653,1356,1587,2044,NA,NA
2654,1356,1565,2044,NA,NA
2655,1356,1565,2044,NA,NA
2656,1356,1565,2044,NA,NA
2657,1356,1565,2044,NA,NA
2658,1356,1565,2044,NA,NA
2659,1356,1565,2044,NA,NA
2660,1356,1565,2044,NA,NA
2661,1356,1565,2044,NA,NA
2662,1153,1356,1565,NA,NA
2663,2663,NA,NA,NA,NA
2664,1842,2095,2338,NA,NA
2665,1842,2044,2338,NA,NA
2666,1842,2044,2338,NA,NA
2667,1842,2044,2338,NA,NA
2668,1587,1842,2044,NA,NA
2669,2669,NA,NA,NA,NA
2670,2670,NA,NA,NA,NA
2671,2671,NA,NA,NA,NA
2672,2672,NA,NA,NA,NA
2673,1356,1587,2044,NA,NA
2674,1356,1587,2044,NA,NA
2675,1356,1587,2044,NA,NA
2676,1356,1587,2044,NA,NA
2677,1356,1587,2044,NA,NA
2678,1356,1587,2044,NA,NA
2679,1356,1587,2044,NA,NA
2680,1356,1565,2044,NA,NA
2681,1356,1565,2044,NA,NA
2682,1356,1565,2044,NA,NA
2683,1356,1565,2044,NA,NA
2684,1153,1356,1565,NA,NA
2685,1153,1356,1565,NA,NA
2686,1153,1356,1565,NA,NA
2687,239,2663,2711,NA,NA
2688,1842,2095,2338,NA,NA
2689,1842,2044,2338,NA,NA
2690,2690,NA,NA,NA,NA
2691,2691,NA,NA,NA,NA
2692,2692,NA,NA,NA,NA
2693,2693,NA,NA,NA,NA
2694,2694,NA,NA,NA,NA
2695,2695,NA,NA,NA,NA
2696,1356,1587,2044,NA,NA
2697,1356,1587,2044,NA,NA
2698,1356,1587,2044,NA,NA
2699,1356,1587,2044,NA,NA
2700,1356,1587,2044,NA,NA
2701,1356,1587,2044,NA,NA
2702,1356,1587,2044,NA,NA
2703,1356,1587,NA,NA,NA
2704,1171,1356,1587,NA,NA
2705,800,1153,1356,NA,NA
2706,1153,1356,1565,NA,NA
2707,1153,1356,1565,NA,NA
2708,1153,1356,1565,NA,NA
2709,1153,1356,1565,NA,NA
2710,1153,1356,1565,NA,NA
2711,2711,NA,NA,NA,NA
2712,1207,1842,2095,NA,NA
2713,1398,1604,1842,NA,NA
2714,1587,1604,1842,NA,NA
2715,1587,1604,1842,NA,NA
2716,1587,1604,1842,NA,NA
2717,1398,1587,1604,NA,NA
2718,1398,1587,NA,NA,NA
2719,1171,1398,1587,NA,NA
2720,1171,1398,1587,NA,NA
2721,1171,1356,1587,NA,NA
2722,1171,1356,1587,NA,NA
2723,1171,1356,1587,NA,NA
2724,1171,1356,1587,NA,NA
2725,1171,1356,1587,NA,NA
2726,1171,1356,1587,NA,NA
2727,800,1171,1356,NA,NA
2728,800,1171,1356,NA,NA
2729,800,1171,1356,NA,NA
2730,800,1153,1356,NA,NA
2731,800,1153,1356,NA,NA
2732,800,1153,1356,NA,NA
2733,800,1153,1356,NA,NA
2734,1153,NA,NA,NA,NA
2735,2735,NA,NA,NA,NA
2736,1207,1842,2095,NA,NA
2737,1398,1604,1842,NA,NA
2738,1398,1604,1842,NA,NA
2739,1398,1587,1604,NA,NA
2740,1171,1398,1587,NA,NA
2741,1171,1398,1587,NA,NA
2742,1171,1398,1587,NA,NA
2743,1171,1398,1587,NA,NA
2744,1171,1398,1587,NA,NA
2745,1171,1356,1587,NA,NA
2746,1171,1356,1587,NA,NA
2747,1171,1356,1587,NA,NA
2748,1171,1356,1587,NA,NA
2749,1171,1356,1587,NA,NA
2750,800,1171,1356,NA,NA
2751,800,1171,1356,NA,NA
2752,800,1171,1356,NA,NA
2753,800,1171,1356,NA,NA
2754,800,1153,1356,NA,NA
2755,800,1153,1356,NA,NA
2756,800,1153,1356,NA,NA
2757,800,1153,1356,NA,NA
2758,635,800,1153,NA,NA
2759,2759,NA,NA,NA,NA
2760,1207,1398,1842,NA,NA
2761,1398,1604,1842,NA,NA
2762,1398,1587,NA,NA,NA
2763,1171,1398,1587,NA,NA
2764,1171,1398,1587,NA,NA
2765,1171,1398,1587,NA,NA
2766,1171,1398,1587,NA,NA
2767,1171,1398,1587,NA,NA
2768,1171,1398,1587,NA,NA
2769,1171,1398,1587,NA,NA
2770,1171,1356,1587,NA,NA
2771,1171,1356,1587,NA,NA
2772,800,1171,1356,NA,NA
2773,800,1171,1356,NA,NA
2774,800,1171,1356,NA,NA
2775,800,1171,1356,NA,NA
2776,800,1171,1356,NA,NA
2777,800,1171,1356,NA,NA
2778,800,1153,1356,NA,NA
2779,800,1153,1356,NA,NA
2780,800,1153,1356,NA,NA
2781,635,800,1153,NA,NA
2782,635,800,1153,NA,NA
2783,2783,NA,NA,NA,NA
2784,1207,1398,1842,NA,NA
2785,845,1171,1398,NA,NA
2786,845,1171,1398,NA,NA
2787,845,1171,1398,NA,NA
2788,845,1171,1398,NA,NA
2789,845,1171,1398,NA,NA
2790,845,1171,1398,NA,NA
2791,845,1171,1398,NA,NA
2792,845,1171,1398,NA,NA
2793,845,1171,1398,NA,NA
2794,800,991,1171,NA,NA
2795,800,991,1171,NA,NA
2796,800,1171,1356,NA,NA
2797,800,1171,1356,NA,NA
2798,800,1171,1356,NA,NA
2799,800,1171,1356,NA,NA
2800,800,1171,1356,NA,NA
2801,800,1171,1356,NA,NA
2802,800,1171,1356,NA,NA
2803,800,1153,1356,NA,NA
2804,800,1153,1356,NA,NA
2805,635,800,1153,NA,NA
2806,635,800,1153,NA,NA
2807,2807,NA,NA,NA,NA
2808,845,1207,1398,NA,NA
2809,845,1171,1398,NA,NA
2810,845,1171,1398,NA,NA
2811,845,1171,1398,NA,NA
2812,845,1171,1398,NA,NA
2813,845,1171,1398,NA,NA
2814,845,1171,1398,NA,NA
2815,845,1171,1398,NA,NA
2816,845,1171,1398,NA,NA
2817,800,991,1171,NA,NA
2818,800,991,1171,NA,NA
2819,800,991,1171,NA,NA
2820,800,991,1171,NA,NA
2821,800,991,1171,NA,NA
2822,800,991,1171,NA,NA
2823,800,1171,1356,NA,NA
2824,800,1171,1356,NA,NA
2825,800,1171,1356,NA,NA
2826,800,1171,1356,NA,NA
2827,800,1153,1356,NA,NA
2828,635,800,1153,NA,NA
2829,635,800,1153,NA,NA
2830,635,800,1153,NA,NA
